M, N, B, Name, Result, Time, OPT_Rate, Nodes,Timeout
2, 3, 3.000000, BB_DP, 1.000000, 0.001876, 1.000000, 3, 1
2, 3, 3.000000, PDP, 1.000000, 0.000009, 1.000000, 0, 1
2, 3, 3.000000, TABU, 1.000000, 1.366700, 1.000000, 0, 1
2, 3, 3.000000, GA, 1.000000, 7.508200, 1.000000, 0, 1
2, 3, 3.000000, BB_DP, 3.000000, 0.001385, 1.000000, 3, 1
2, 3, 3.000000, PDP, 3.000000, 0.000005, 1.000000, 0, 1
2, 3, 3.000000, TABU, 3.000000, 1.274700, 1.000000, 0, 1
2, 3, 3.000000, GA, 3.000000, 7.036600, 1.000000, 0, 1
2, 3, 3.000000, BB_DP, 1.000000, 0.001421, 1.000000, 1, 1
2, 3, 3.000000, PDP, 1.000000, 0.000008, 1.000000, 0, 1
2, 3, 3.000000, TABU, 1.000000, 1.247300, 1.000000, 0, 1
2, 3, 3.000000, GA, 1.000000, 7.062500, 1.000000, 0, 1
2, 3, 3.000000, BB_DP, 0.000000, 0.001344, 1.000000, 0, 1
2, 3, 3.000000, PDP, 0.000000, 0.000006, 1.000000, 0, 1
2, 3, 3.000000, TABU, 0.000000, 1.447100, 1.000000, 0, 1
2, 3, 3.000000, GA, 0.000000, 7.427500, 1.000000, 0, 1
2, 3, 3.000000, BB_DP, 1.000000, 0.001400, 1.000000, 0, 1
2, 3, 3.000000, PDP, 1.000000, 0.000008, 1.000000, 0, 1
2, 3, 3.000000, TABU, 1.000000, 1.453700, 1.000000, 0, 1
2, 3, 3.000000, GA, 1.000000, 5.793800, 1.000000, 0, 1
3, 3, 3.000000, BB_DP, 0.000000, 0.002208, 1.000000, 0, 1
3, 3, 3.000000, PDP, 0.000000, 0.000011, 1.000000, 0, 1
3, 3, 3.000000, TABU, 0.000000, 2.055700, 1.000000, 0, 1
3, 3, 3.000000, GA, 0.000000, 5.569800, 1.000000, 0, 1
3, 3, 3.000000, BB_DP, 0.000000, 0.002142, 1.000000, 0, 1
3, 3, 3.000000, PDP, 0.000000, 0.000010, 1.000000, 0, 1
3, 3, 3.000000, TABU, 0.000000, 2.166400, 1.000000, 0, 1
3, 3, 3.000000, GA, 0.000000, 6.354800, 1.000000, 0, 1
3, 3, 3.000000, BB_DP, 0.000000, 0.002050, 1.000000, 0, 1
3, 3, 3.000000, PDP, 0.000000, 0.000007, 1.000000, 0, 1
3, 3, 3.000000, TABU, 0.000000, 2.139600, 1.000000, 0, 1
3, 3, 3.000000, GA, 0.000000, 6.225700, 1.000000, 0, 1
3, 3, 3.000000, BB_DP, 0.000000, 0.002572, 1.000000, 0, 1
3, 3, 3.000000, PDP, 0.000000, 0.000010, 1.000000, 0, 1
3, 3, 3.000000, TABU, 0.000000, 2.553300, 1.000000, 0, 1
3, 3, 3.000000, GA, 0.000000, 7.833400, 1.000000, 0, 1
3, 3, 3.000000, BB_DP, 0.000000, 0.003162, 1.000000, 0, 1
3, 3, 3.000000, PDP, 0.000000, 0.000014, 1.000000, 0, 1
3, 3, 3.000000, TABU, 0.000000, 3.082900, 1.000000, 0, 1
3, 3, 3.000000, GA, 0.000000, 7.910100, 1.000000, 0, 1
5, 3, 3.000000, BB_DP, 0.000000, 0.002823, 1.000000, 0, 1
5, 3, 3.000000, PDP, 0.000000, 0.000022, 1.000000, 0, 1
5, 3, 3.000000, TABU, 0.000000, 3.014100, 1.000000, 0, 1
5, 3, 3.000000, GA, 0.000000, 8.004300, 1.000000, 0, 1
5, 3, 3.000000, BB_DP, 0.000000, 0.003603, 1.000000, 0, 1
5, 3, 3.000000, PDP, 0.000000, 0.000030, 1.000000, 0, 1
5, 3, 3.000000, TABU, 0.000000, 2.744800, 1.000000, 0, 1
5, 3, 3.000000, GA, 0.000000, 9.552600, 1.000000, 0, 1
5, 3, 3.000000, BB_DP, 0.000000, 0.003213, 1.000000, 0, 1
5, 3, 3.000000, PDP, 0.000000, 0.000041, 1.000000, 0, 1
5, 3, 3.000000, TABU, 0.000000, 3.869900, 1.000000, 0, 1
5, 3, 3.000000, GA, 0.000000, 14.917900, 1.000000, 0, 1
5, 3, 3.000000, BB_DP, 0.000000, 0.003520, 1.000000, 0, 1
5, 3, 3.000000, PDP, 0.000000, 0.000043, 1.000000, 0, 1
5, 3, 3.000000, TABU, 0.000000, 3.427500, 1.000000, 0, 1
5, 3, 3.000000, GA, 0.000000, 9.037800, 1.000000, 0, 1
5, 3, 3.000000, BB_DP, 0.000000, 0.002473, 1.000000, 0, 1
5, 3, 3.000000, PDP, 0.000000, 0.000022, 1.000000, 0, 1
5, 3, 3.000000, TABU, 0.000000, 2.607600, 1.000000, 0, 1
5, 3, 3.000000, GA, 0.000000, 9.263500, 1.000000, 0, 1
2, 3, 5.000000, BB_DP, 0.000000, 0.002229, 1.000000, 0, 1
2, 3, 5.000000, PDP, 0.000000, 0.000020, 1.000000, 0, 1
2, 3, 5.000000, TABU, 0.000000, 2.081500, 1.000000, 0, 1
2, 3, 5.000000, GA, 0.000000, 11.856200, 1.000000, 0, 1
2, 3, 5.000000, BB_DP, 5.000000, 0.002731, 1.000000, 5, 1
2, 3, 5.000000, PDP, 5.000000, 0.000008, 1.000000, 0, 1
2, 3, 5.000000, TABU, 5.000000, 2.562000, 1.000000, 0, 1
2, 3, 5.000000, GA, 5.000000, 13.214100, 1.000000, 0, 1
2, 3, 5.000000, BB_DP, 0.000000, 0.003247, 1.000000, 0, 1
2, 3, 5.000000, PDP, 0.000000, 0.000013, 1.000000, 0, 1
2, 3, 5.000000, TABU, 0.000000, 3.361000, 1.000000, 0, 1
2, 3, 5.000000, GA, 0.000000, 9.165900, 1.000000, 0, 1
2, 3, 5.000000, BB_DP, 1.000000, 0.003278, 1.000000, 1, 1
2, 3, 5.000000, PDP, 1.000000, 0.000020, 1.000000, 0, 1
2, 3, 5.000000, TABU, 1.000000, 2.173800, 1.000000, 0, 1
2, 3, 5.000000, GA, 1.000000, 8.811800, 1.000000, 0, 1
2, 3, 5.000000, BB_DP, 1.000000, 0.001553, 1.000000, 0, 1
2, 3, 5.000000, PDP, 1.000000, 0.000016, 1.000000, 0, 1
2, 3, 5.000000, TABU, 1.000000, 1.303400, 1.000000, 0, 1
2, 3, 5.000000, GA, 1.000000, 7.123200, 1.000000, 0, 1
3, 3, 5.000000, BB_DP, 0.000000, 0.004987, 1.000000, 0, 1
3, 3, 5.000000, PDP, 0.000000, 0.000020, 1.000000, 0, 1
3, 3, 5.000000, TABU, 0.000000, 3.413900, 1.000000, 0, 1
3, 3, 5.000000, GA, 0.000000, 12.390600, 1.000000, 0, 1
3, 3, 5.000000, BB_DP, 0.000000, 0.004022, 1.000000, 0, 1
3, 3, 5.000000, PDP, 0.000000, 0.000039, 1.000000, 0, 1
3, 3, 5.000000, TABU, 0.000000, 4.419000, 1.000000, 0, 1
3, 3, 5.000000, GA, 0.000000, 10.774000, 1.000000, 0, 1
3, 3, 5.000000, BB_DP, 0.000000, 0.005327, 1.000000, 0, 1
3, 3, 5.000000, PDP, 0.000000, 0.000018, 1.000000, 0, 1
3, 3, 5.000000, TABU, 0.000000, 4.470700, 1.000000, 0, 1
3, 3, 5.000000, GA, 0.000000, 9.770800, 1.000000, 0, 1
3, 3, 5.000000, BB_DP, 0.000000, 0.005527, 1.000000, 0, 1
3, 3, 5.000000, PDP, 0.000000, 0.000033, 1.000000, 0, 1
3, 3, 5.000000, TABU, 0.000000, 4.503400, 1.000000, 0, 1
3, 3, 5.000000, GA, 0.000000, 8.966500, 1.000000, 0, 1
3, 3, 5.000000, BB_DP, 0.000000, 0.004970, 1.000000, 0, 1
3, 3, 5.000000, PDP, 0.000000, 0.000042, 1.000000, 0, 1
3, 3, 5.000000, TABU, 0.000000, 4.389400, 1.000000, 0, 1
3, 3, 5.000000, GA, 0.000000, 9.882500, 1.000000, 0, 1
5, 3, 5.000000, BB_DP, 0.000000, 0.003238, 1.000000, 0, 1
5, 3, 5.000000, PDP, 0.000000, 0.000028, 1.000000, 0, 1
5, 3, 5.000000, TABU, 0.000000, 3.730600, 1.000000, 0, 1
5, 3, 5.000000, GA, 0.000000, 8.975800, 1.000000, 0, 1
5, 3, 5.000000, BB_DP, 0.000000, 0.003149, 1.000000, 0, 1
5, 3, 5.000000, PDP, 0.000000, 0.000038, 1.000000, 0, 1
5, 3, 5.000000, TABU, 0.000000, 3.261100, 1.000000, 0, 1
5, 3, 5.000000, GA, 0.000000, 10.372200, 1.000000, 0, 1
5, 3, 5.000000, BB_DP, 0.000000, 0.003519, 1.000000, 0, 1
5, 3, 5.000000, PDP, 0.000000, 0.000046, 1.000000, 0, 1
5, 3, 5.000000, TABU, 0.000000, 3.195100, 1.000000, 0, 1
5, 3, 5.000000, GA, 0.000000, 7.430600, 1.000000, 0, 1
5, 3, 5.000000, BB_DP, 0.000000, 0.003023, 1.000000, 0, 1
5, 3, 5.000000, PDP, 0.000000, 0.000024, 1.000000, 0, 1
5, 3, 5.000000, TABU, 0.000000, 2.801900, 1.000000, 0, 1
5, 3, 5.000000, GA, 0.000000, 7.395800, 1.000000, 0, 1
5, 3, 5.000000, BB_DP, 0.000000, 0.002583, 1.000000, 0, 1
5, 3, 5.000000, PDP, 0.000000, 0.000033, 1.000000, 0, 1
5, 3, 5.000000, TABU, 0.000000, 2.707100, 1.000000, 0, 1
5, 3, 5.000000, GA, 0.000000, 7.201700, 1.000000, 0, 1
2, 3, 7.000000, BB_DP, 0.000000, 0.001376, 1.000000, 0, 1
2, 3, 7.000000, PDP, 0.000000, 0.000009, 1.000000, 0, 1
2, 3, 7.000000, TABU, 0.000000, 1.666500, 1.000000, 0, 1
2, 3, 7.000000, GA, 0.000000, 6.275700, 1.000000, 0, 1
2, 3, 7.000000, BB_DP, 0.000000, 0.001624, 1.000000, 0, 1
2, 3, 7.000000, PDP, 0.000000, 0.000005, 1.000000, 0, 1
2, 3, 7.000000, TABU, 0.000000, 1.372500, 1.000000, 0, 1
2, 3, 7.000000, GA, 0.000000, 6.618500, 1.000000, 0, 1
2, 3, 7.000000, BB_DP, 0.000000, 0.001419, 1.000000, 0, 1
2, 3, 7.000000, PDP, 0.000000, 0.000011, 1.000000, 0, 1
2, 3, 7.000000, TABU, 0.000000, 1.655700, 1.000000, 0, 1
2, 3, 7.000000, GA, 0.000000, 6.890900, 1.000000, 0, 1
2, 3, 7.000000, BB_DP, 2.000000, 0.001486, 1.000000, 1, 1
2, 3, 7.000000, PDP, 2.000000, 0.000013, 1.000000, 0, 1
2, 3, 7.000000, TABU, 2.000000, 1.935400, 1.000000, 0, 1
2, 3, 7.000000, GA, 2.000000, 8.407500, 1.000000, 0, 1
2, 3, 7.000000, BB_DP, 5.000000, 0.001544, 1.000000, 3, 1
2, 3, 7.000000, PDP, 5.000000, 0.000018, 1.000000, 0, 1
2, 3, 7.000000, TABU, 5.000000, 1.387600, 1.000000, 0, 1
2, 3, 7.000000, GA, 5.000000, 7.068700, 1.000000, 0, 1
3, 3, 7.000000, BB_DP, 0.000000, 0.002651, 1.000000, 0, 1
3, 3, 7.000000, PDP, 0.000000, 0.000028, 1.000000, 0, 1
3, 3, 7.000000, TABU, 0.000000, 2.720900, 1.000000, 0, 1
3, 3, 7.000000, GA, 0.000000, 7.998500, 1.000000, 0, 1
3, 3, 7.000000, BB_DP, 0.000000, 0.003280, 1.000000, 0, 1
3, 3, 7.000000, PDP, 0.000000, 0.000052, 1.000000, 0, 1
3, 3, 7.000000, TABU, 0.000000, 4.052800, 1.000000, 0, 1
3, 3, 7.000000, GA, 0.000000, 10.055000, 1.000000, 0, 1
3, 3, 7.000000, BB_DP, 0.000000, 0.004944, 1.000000, 0, 1
3, 3, 7.000000, PDP, 0.000000, 0.000026, 1.000000, 0, 1
3, 3, 7.000000, TABU, 0.000000, 3.432700, 1.000000, 0, 1
3, 3, 7.000000, GA, 0.000000, 9.329300, 1.000000, 0, 1
3, 3, 7.000000, BB_DP, 0.000000, 0.003689, 1.000000, 0, 1
3, 3, 7.000000, PDP, 0.000000, 0.000017, 1.000000, 0, 1
3, 3, 7.000000, TABU, 0.000000, 3.368800, 1.000000, 0, 1
3, 3, 7.000000, GA, 0.000000, 8.279700, 1.000000, 0, 1
3, 3, 7.000000, BB_DP, 0.000000, 0.004091, 1.000000, 0, 1
3, 3, 7.000000, PDP, 0.000000, 0.000020, 1.000000, 0, 1
3, 3, 7.000000, TABU, 0.000000, 3.210500, 1.000000, 0, 1
3, 3, 7.000000, GA, 0.000000, 10.299900, 1.000000, 0, 1
5, 3, 7.000000, BB_DP, 0.000000, 0.004911, 1.000000, 0, 1
5, 3, 7.000000, PDP, 0.000000, 0.000026, 1.000000, 0, 1
5, 3, 7.000000, TABU, 0.000000, 3.888500, 1.000000, 0, 1
5, 3, 7.000000, GA, 0.000000, 10.403600, 1.000000, 0, 1
5, 3, 7.000000, BB_DP, 0.000000, 0.004722, 1.000000, 0, 1
5, 3, 7.000000, PDP, 0.000000, 0.000031, 1.000000, 0, 1
5, 3, 7.000000, TABU, 0.000000, 2.871100, 1.000000, 0, 1
5, 3, 7.000000, GA, 0.000000, 12.467500, 1.000000, 0, 1
5, 3, 7.000000, BB_DP, 0.000000, 0.004690, 1.000000, 0, 1
5, 3, 7.000000, PDP, 0.000000, 0.000024, 1.000000, 0, 1
5, 3, 7.000000, TABU, 0.000000, 3.841600, 1.000000, 0, 1
5, 3, 7.000000, GA, 0.000000, 11.429400, 1.000000, 0, 1
5, 3, 7.000000, BB_DP, 0.000000, 0.003034, 1.000000, 0, 1
5, 3, 7.000000, PDP, 0.000000, 0.000052, 1.000000, 0, 1
5, 3, 7.000000, TABU, 0.000000, 4.854600, 1.000000, 0, 1
5, 3, 7.000000, GA, 0.000000, 9.339200, 1.000000, 0, 1
5, 3, 7.000000, BB_DP, 0.000000, 0.005282, 1.000000, 0, 1
5, 3, 7.000000, PDP, 0.000000, 0.000031, 1.000000, 0, 1
5, 3, 7.000000, TABU, 0.000000, 5.687600, 1.000000, 0, 1
5, 3, 7.000000, GA, 0.000000, 12.934600, 1.000000, 0, 1
2, 4, 3.000000, BB_DP, 5.000000, 0.004515, 1.000000, 7, 1
2, 4, 3.000000, PDP, 5.000000, 0.000018, 1.000000, 0, 1
2, 4, 3.000000, TABU, 5.000000, 4.038200, 1.000000, 0, 1
2, 4, 3.000000, GA, 5.000000, 10.997000, 1.000000, 0, 1
2, 4, 3.000000, BB_DP, 0.000000, 0.005743, 1.000000, 0, 1
2, 4, 3.000000, PDP, 0.000000, 0.000014, 1.000000, 0, 1
2, 4, 3.000000, TABU, 0.000000, 4.610500, 1.000000, 0, 1
2, 4, 3.000000, GA, 0.000000, 9.949800, 1.000000, 0, 1
2, 4, 3.000000, BB_DP, 0.000000, 0.005220, 1.000000, 0, 1
2, 4, 3.000000, PDP, 0.000000, 0.000029, 1.000000, 0, 1
2, 4, 3.000000, TABU, 0.000000, 4.395400, 1.000000, 0, 1
2, 4, 3.000000, GA, 0.000000, 14.883000, 1.000000, 0, 1
2, 4, 3.000000, BB_DP, 2.000000, 0.004583, 1.000000, 1, 1
2, 4, 3.000000, PDP, 2.000000, 0.000025, 1.000000, 0, 1
2, 4, 3.000000, TABU, 2.000000, 5.781100, 1.000000, 0, 1
2, 4, 3.000000, GA, 2.000000, 11.800800, 1.000000, 0, 1
2, 4, 3.000000, BB_DP, 4.000000, 0.005811, 1.000000, 5, 1
2, 4, 3.000000, PDP, 4.000000, 0.000023, 1.000000, 0, 1
2, 4, 3.000000, TABU, 4.000000, 4.199300, 1.000000, 0, 1
2, 4, 3.000000, GA, 4.000000, 10.544900, 1.000000, 0, 1
3, 4, 3.000000, BB_DP, 0.000000, 0.005186, 1.000000, 0, 1
3, 4, 3.000000, PDP, 0.000000, 0.000047, 1.000000, 0, 1
3, 4, 3.000000, TABU, 0.000000, 5.638700, 1.000000, 0, 1
3, 4, 3.000000, GA, 0.000000, 16.551000, 1.000000, 0, 1
3, 4, 3.000000, BB_DP, 0.000000, 0.007551, 1.000000, 0, 1
3, 4, 3.000000, PDP, 0.000000, 0.000063, 1.000000, 0, 1
3, 4, 3.000000, TABU, 0.000000, 5.632300, 1.000000, 0, 1
3, 4, 3.000000, GA, 0.000000, 11.978200, 1.000000, 0, 1
3, 4, 3.000000, BB_DP, 0.000000, 0.005147, 1.000000, 0, 1
3, 4, 3.000000, PDP, 0.000000, 0.000025, 1.000000, 0, 1
3, 4, 3.000000, TABU, 0.000000, 5.288500, 1.000000, 0, 1
3, 4, 3.000000, GA, 0.000000, 10.377800, 1.000000, 0, 1
3, 4, 3.000000, BB_DP, 0.000000, 0.005607, 1.000000, 0, 1
3, 4, 3.000000, PDP, 0.000000, 0.000035, 1.000000, 0, 1
3, 4, 3.000000, TABU, 0.000000, 5.125200, 1.000000, 0, 1
3, 4, 3.000000, GA, 0.000000, 10.875500, 1.000000, 0, 1
3, 4, 3.000000, BB_DP, 0.000000, 0.005079, 1.000000, 0, 1
3, 4, 3.000000, PDP, 0.000000, 0.000050, 1.000000, 0, 1
3, 4, 3.000000, TABU, 0.000000, 5.671500, 1.000000, 0, 1
3, 4, 3.000000, GA, 0.000000, 14.083700, 1.000000, 0, 1
5, 4, 3.000000, BB_DP, 0.000000, 0.002175, 1.000000, 0, 1
5, 4, 3.000000, PDP, 0.000000, 0.000062, 1.000000, 0, 1
5, 4, 3.000000, TABU, 0.000000, 1.960600, 1.000000, 0, 1
5, 4, 3.000000, GA, 0.000000, 7.298300, 1.000000, 0, 1
5, 4, 3.000000, BB_DP, 0.000000, 0.002700, 1.000000, 0, 1
5, 4, 3.000000, PDP, 0.000000, 0.000066, 1.000000, 0, 1
5, 4, 3.000000, TABU, 0.000000, 2.302700, 1.000000, 0, 1
5, 4, 3.000000, GA, 0.000000, 7.483300, 1.000000, 0, 1
5, 4, 3.000000, BB_DP, 0.000000, 0.002572, 1.000000, 0, 1
5, 4, 3.000000, PDP, 0.000000, 0.000076, 1.000000, 0, 1
5, 4, 3.000000, TABU, 0.000000, 2.567000, 1.000000, 0, 1
5, 4, 3.000000, GA, 0.000000, 8.121700, 1.000000, 0, 1
5, 4, 3.000000, BB_DP, 0.000000, 0.003882, 1.000000, 0, 1
5, 4, 3.000000, PDP, 0.000000, 0.000070, 1.000000, 0, 1
5, 4, 3.000000, TABU, 0.000000, 3.776400, 1.000000, 0, 1
5, 4, 3.000000, GA, 0.000000, 8.989700, 1.000000, 0, 1
5, 4, 3.000000, BB_DP, 0.000000, 0.004532, 1.000000, 0, 1
5, 4, 3.000000, PDP, 0.000000, 0.000116, 1.000000, 0, 1
5, 4, 3.000000, TABU, 0.000000, 3.269500, 1.000000, 0, 1
5, 4, 3.000000, GA, 0.000000, 11.354800, 1.000000, 0, 1
2, 4, 5.000000, BB_DP, 6.000000, 0.002850, 1.000000, 3, 1
2, 4, 5.000000, PDP, 6.000000, 0.000015, 1.000000, 0, 1
2, 4, 5.000000, TABU, 6.000000, 2.726100, 1.000000, 0, 1
2, 4, 5.000000, GA, 6.000000, 8.525400, 1.000000, 0, 1
2, 4, 5.000000, BB_DP, 8.000000, 0.003336, 1.000000, 3, 1
2, 4, 5.000000, PDP, 8.000000, 0.000017, 1.000000, 0, 1
2, 4, 5.000000, TABU, 8.000000, 2.663800, 1.000000, 0, 1
2, 4, 5.000000, GA, 8.000000, 9.337700, 1.000000, 0, 1
2, 4, 5.000000, BB_DP, 3.000000, 0.003537, 1.000000, 2, 1
2, 4, 5.000000, PDP, 3.000000, 0.000027, 1.000000, 0, 1
2, 4, 5.000000, TABU, 3.000000, 3.421300, 1.000000, 0, 1
2, 4, 5.000000, GA, 3.000000, 11.513900, 1.000000, 0, 1
2, 4, 5.000000, BB_DP, 3.000000, 0.003051, 1.000000, 6, 1
2, 4, 5.000000, PDP, 3.000000, 0.000010, 1.000000, 0, 1
2, 4, 5.000000, TABU, 3.000000, 4.492600, 1.000000, 0, 1
2, 4, 5.000000, GA, 3.000000, 10.777900, 1.000000, 0, 1
2, 4, 5.000000, BB_DP, 3.000000, 0.002959, 1.000000, 2, 1
2, 4, 5.000000, PDP, 3.000000, 0.000013, 1.000000, 0, 1
2, 4, 5.000000, TABU, 4.000000, 2.541000, 1.333333, 0, 1
2, 4, 5.000000, GA, 3.000000, 8.347900, 1.000000, 0, 1
3, 4, 5.000000, BB_DP, 0.000000, 0.007255, 1.000000, 0, 1
3, 4, 5.000000, PDP, 0.000000, 0.000037, 1.000000, 0, 1
3, 4, 5.000000, TABU, 0.000000, 4.676900, 1.000000, 0, 1
3, 4, 5.000000, GA, 0.000000, 11.090800, 1.000000, 0, 1
3, 4, 5.000000, BB_DP, 1.000000, 0.004614, 1.000000, 0, 1
3, 4, 5.000000, PDP, 1.000000, 0.000023, 1.000000, 0, 1
3, 4, 5.000000, TABU, 1.000000, 6.350200, 1.000000, 0, 1
3, 4, 5.000000, GA, 1.000000, 7.675300, 1.000000, 0, 1
3, 4, 5.000000, BB_DP, 0.000000, 0.004259, 1.000000, 0, 1
3, 4, 5.000000, PDP, 0.000000, 0.000031, 1.000000, 0, 1
3, 4, 5.000000, TABU, 0.000000, 5.633300, 1.000000, 0, 1
3, 4, 5.000000, GA, 0.000000, 7.353400, 1.000000, 0, 1
3, 4, 5.000000, BB_DP, 1.000000, 0.004058, 1.000000, 9, 1
3, 4, 5.000000, PDP, 1.000000, 0.000035, 1.000000, 0, 1
3, 4, 5.000000, TABU, 1.000000, 3.975800, 1.000000, 0, 1
3, 4, 5.000000, GA, 2.000000, 7.869100, 2.000000, 0, 1
3, 4, 5.000000, BB_DP, 0.000000, 0.003805, 1.000000, 0, 1
3, 4, 5.000000, PDP, 0.000000, 0.000023, 1.000000, 0, 1
3, 4, 5.000000, TABU, 0.000000, 3.824300, 1.000000, 0, 1
3, 4, 5.000000, GA, 0.000000, 7.709700, 1.000000, 0, 1
5, 4, 5.000000, BB_DP, 0.000000, 0.003134, 1.000000, 0, 1
5, 4, 5.000000, PDP, 0.000000, 0.000123, 1.000000, 0, 1
5, 4, 5.000000, TABU, 0.000000, 2.681800, 1.000000, 0, 1
5, 4, 5.000000, GA, 0.000000, 8.777400, 1.000000, 0, 1
5, 4, 5.000000, BB_DP, 0.000000, 0.002501, 1.000000, 0, 1
5, 4, 5.000000, PDP, 0.000000, 0.000090, 1.000000, 0, 1
5, 4, 5.000000, TABU, 0.000000, 2.507200, 1.000000, 0, 1
5, 4, 5.000000, GA, 0.000000, 8.345900, 1.000000, 0, 1
5, 4, 5.000000, BB_DP, 0.000000, 0.002820, 1.000000, 0, 1
5, 4, 5.000000, PDP, 0.000000, 0.000108, 1.000000, 0, 1
5, 4, 5.000000, TABU, 0.000000, 2.727100, 1.000000, 0, 1
5, 4, 5.000000, GA, 0.000000, 9.093900, 1.000000, 0, 1
5, 4, 5.000000, BB_DP, 0.000000, 0.004892, 1.000000, 0, 1
5, 4, 5.000000, PDP, 0.000000, 0.000107, 1.000000, 0, 1
5, 4, 5.000000, TABU, 0.000000, 2.634300, 1.000000, 0, 1
5, 4, 5.000000, GA, 0.000000, 8.482700, 1.000000, 0, 1
5, 4, 5.000000, BB_DP, 0.000000, 0.003014, 1.000000, 0, 1
5, 4, 5.000000, PDP, 0.000000, 0.000068, 1.000000, 0, 1
5, 4, 5.000000, TABU, 0.000000, 2.435700, 1.000000, 0, 1
5, 4, 5.000000, GA, 0.000000, 7.401200, 1.000000, 0, 1
2, 4, 7.000000, BB_DP, 7.000000, 0.002715, 1.000000, 8, 1
2, 4, 7.000000, PDP, 7.000000, 0.000007, 1.000000, 0, 1
2, 4, 7.000000, TABU, 7.000000, 2.339500, 1.000000, 0, 1
2, 4, 7.000000, GA, 7.000000, 7.807200, 1.000000, 0, 1
2, 4, 7.000000, BB_DP, 1.000000, 0.004133, 1.000000, 7, 1
2, 4, 7.000000, PDP, 1.000000, 0.000008, 1.000000, 0, 1
2, 4, 7.000000, TABU, 1.000000, 2.633800, 1.000000, 0, 1
2, 4, 7.000000, GA, 1.000000, 6.531700, 1.000000, 0, 1
2, 4, 7.000000, BB_DP, 3.000000, 0.003089, 1.000000, 3, 1
2, 4, 7.000000, PDP, 3.000000, 0.000024, 1.000000, 0, 1
2, 4, 7.000000, TABU, 3.000000, 4.121600, 1.000000, 0, 1
2, 4, 7.000000, GA, 3.000000, 7.048600, 1.000000, 0, 1
2, 4, 7.000000, BB_DP, 5.000000, 0.003236, 1.000000, 2, 1
2, 4, 7.000000, PDP, 5.000000, 0.000027, 1.000000, 0, 1
2, 4, 7.000000, TABU, 5.000000, 3.836600, 1.000000, 0, 1
2, 4, 7.000000, GA, 5.000000, 7.910700, 1.000000, 0, 1
2, 4, 7.000000, BB_DP, 5.000000, 0.003726, 1.000000, 3, 1
2, 4, 7.000000, PDP, 5.000000, 0.000018, 1.000000, 0, 1
2, 4, 7.000000, TABU, 5.000000, 2.985200, 1.000000, 0, 1
2, 4, 7.000000, GA, 5.000000, 6.827300, 1.000000, 0, 1
3, 4, 7.000000, BB_DP, 2.000000, 0.004013, 1.000000, 2, 1
3, 4, 7.000000, PDP, 2.000000, 0.000030, 1.000000, 0, 1
3, 4, 7.000000, TABU, 2.000000, 3.378300, 1.000000, 0, 1
3, 4, 7.000000, GA, 2.000000, 6.907000, 1.000000, 0, 1
3, 4, 7.000000, BB_DP, 0.000000, 0.003662, 1.000000, 0, 1
3, 4, 7.000000, PDP, 0.000000, 0.000025, 1.000000, 0, 1
3, 4, 7.000000, TABU, 0.000000, 3.529300, 1.000000, 0, 1
3, 4, 7.000000, GA, 0.000000, 7.294100, 1.000000, 0, 1
3, 4, 7.000000, BB_DP, 0.000000, 0.004563, 1.000000, 0, 1
3, 4, 7.000000, PDP, 0.000000, 0.000039, 1.000000, 0, 1
3, 4, 7.000000, TABU, 0.000000, 5.964100, 1.000000, 0, 1
3, 4, 7.000000, GA, 0.000000, 13.662600, 1.000000, 0, 1
3, 4, 7.000000, BB_DP, 0.000000, 0.004291, 1.000000, 0, 1
3, 4, 7.000000, PDP, 0.000000, 0.000029, 1.000000, 0, 1
3, 4, 7.000000, TABU, 0.000000, 5.941700, 1.000000, 0, 1
3, 4, 7.000000, GA, 0.000000, 20.830000, 1.000000, 0, 1
3, 4, 7.000000, BB_DP, 0.000000, 0.006157, 1.000000, 0, 1
3, 4, 7.000000, PDP, 0.000000, 0.000031, 1.000000, 0, 1
3, 4, 7.000000, TABU, 0.000000, 8.609400, 1.000000, 0, 1
3, 4, 7.000000, GA, 0.000000, 9.035000, 1.000000, 0, 1
5, 4, 7.000000, BB_DP, 0.000000, 0.003101, 1.000000, 0, 1
5, 4, 7.000000, PDP, 0.000000, 0.000176, 1.000000, 0, 1
5, 4, 7.000000, TABU, 0.000000, 4.555700, 1.000000, 0, 1
5, 4, 7.000000, GA, 0.000000, 9.191600, 1.000000, 0, 1
5, 4, 7.000000, BB_DP, 0.000000, 0.004849, 1.000000, 0, 1
5, 4, 7.000000, PDP, 0.000000, 0.000139, 1.000000, 0, 1
5, 4, 7.000000, TABU, 0.000000, 5.929300, 1.000000, 0, 1
5, 4, 7.000000, GA, 0.000000, 15.742100, 1.000000, 0, 1
5, 4, 7.000000, BB_DP, 0.000000, 0.004111, 1.000000, 0, 1
5, 4, 7.000000, PDP, 0.000000, 0.000107, 1.000000, 0, 1
5, 4, 7.000000, TABU, 0.000000, 3.185200, 1.000000, 0, 1
5, 4, 7.000000, GA, 0.000000, 9.853400, 1.000000, 0, 1
5, 4, 7.000000, BB_DP, 0.000000, 0.005265, 1.000000, 0, 1
5, 4, 7.000000, PDP, 0.000000, 0.000109, 1.000000, 0, 1
5, 4, 7.000000, TABU, 0.000000, 3.155000, 1.000000, 0, 1
5, 4, 7.000000, GA, 0.000000, 10.693200, 1.000000, 0, 1
5, 4, 7.000000, BB_DP, 0.000000, 0.004274, 1.000000, 0, 1
5, 4, 7.000000, PDP, 0.000000, 0.000122, 1.000000, 0, 1
5, 4, 7.000000, TABU, 0.000000, 3.456400, 1.000000, 0, 1
5, 4, 7.000000, GA, 0.000000, 8.035200, 1.000000, 0, 1
2, 5, 3.000000, BB_DP, 5.000000, 0.004344, 1.000000, 7, 1
2, 5, 3.000000, PDP, 5.000000, 0.000021, 1.000000, 0, 1
2, 5, 3.000000, TABU, 5.000000, 3.961900, 1.000000, 0, 1
2, 5, 3.000000, GA, 5.000000, 16.967600, 1.000000, 0, 1
2, 5, 3.000000, BB_DP, 8.000000, 0.008545, 1.000000, 4, 1
2, 5, 3.000000, PDP, 8.000000, 0.000036, 1.000000, 0, 1
2, 5, 3.000000, TABU, 8.000000, 17.876500, 1.000000, 0, 1
2, 5, 3.000000, GA, 8.000000, 11.346600, 1.000000, 0, 1
2, 5, 3.000000, BB_DP, 3.000000, 0.008420, 1.000000, 12, 1
2, 5, 3.000000, PDP, 3.000000, 0.000021, 1.000000, 0, 1
2, 5, 3.000000, TABU, 3.000000, 6.946100, 1.000000, 0, 1
2, 5, 3.000000, GA, 3.000000, 9.962900, 1.000000, 0, 1
2, 5, 3.000000, BB_DP, 2.000000, 0.005075, 1.000000, 5, 1
2, 5, 3.000000, PDP, 2.000000, 0.000024, 1.000000, 0, 1
2, 5, 3.000000, TABU, 3.000000, 4.595500, 1.500000, 0, 1
2, 5, 3.000000, GA, 2.000000, 9.583700, 1.000000, 0, 1
2, 5, 3.000000, BB_DP, 2.000000, 0.003554, 1.000000, 12, 1
2, 5, 3.000000, PDP, 2.000000, 0.000015, 1.000000, 0, 1
2, 5, 3.000000, TABU, 2.000000, 4.541600, 1.000000, 0, 1
2, 5, 3.000000, GA, 2.000000, 8.638000, 1.000000, 0, 1
3, 5, 3.000000, BB_DP, 2.000000, 0.004668, 1.000000, 10, 1
3, 5, 3.000000, PDP, 2.000000, 0.000077, 1.000000, 0, 1
3, 5, 3.000000, TABU, 2.000000, 2.969500, 1.000000, 0, 1
3, 5, 3.000000, GA, 2.000000, 6.063500, 1.000000, 0, 1
3, 5, 3.000000, BB_DP, 0.000000, 0.003319, 1.000000, 0, 1
3, 5, 3.000000, PDP, 0.000000, 0.000037, 1.000000, 0, 1
3, 5, 3.000000, TABU, 0.000000, 3.210100, 1.000000, 0, 1
3, 5, 3.000000, GA, 0.000000, 6.136300, 1.000000, 0, 1
3, 5, 3.000000, BB_DP, 2.000000, 0.003320, 1.000000, 9, 1
3, 5, 3.000000, PDP, 2.000000, 0.000044, 1.000000, 0, 1
3, 5, 3.000000, TABU, 2.000000, 3.256900, 1.000000, 0, 1
3, 5, 3.000000, GA, 2.000000, 11.017200, 1.000000, 0, 1
3, 5, 3.000000, BB_DP, 0.000000, 0.004320, 1.000000, 0, 1
3, 5, 3.000000, PDP, 0.000000, 0.000050, 1.000000, 0, 1
3, 5, 3.000000, TABU, 0.000000, 4.263800, 1.000000, 0, 1
3, 5, 3.000000, GA, 0.000000, 7.842000, 1.000000, 0, 1
3, 5, 3.000000, BB_DP, 0.000000, 0.002835, 1.000000, 0, 1
3, 5, 3.000000, PDP, 0.000000, 0.000049, 1.000000, 0, 1
3, 5, 3.000000, TABU, 0.000000, 2.822100, 1.000000, 0, 1
3, 5, 3.000000, GA, 0.000000, 5.539000, 1.000000, 0, 1
5, 5, 3.000000, BB_DP, 0.000000, 0.001855, 1.000000, 0, 1
5, 5, 3.000000, PDP, 0.000000, 0.000234, 1.000000, 0, 1
5, 5, 3.000000, TABU, 0.000000, 2.553200, 1.000000, 0, 1
5, 5, 3.000000, GA, 0.000000, 5.839600, 1.000000, 0, 1
5, 5, 3.000000, BB_DP, 0.000000, 0.002770, 1.000000, 0, 1
5, 5, 3.000000, PDP, 0.000000, 0.000239, 1.000000, 0, 1
5, 5, 3.000000, TABU, 0.000000, 1.850900, 1.000000, 0, 1
5, 5, 3.000000, GA, 0.000000, 5.775500, 1.000000, 0, 1
5, 5, 3.000000, BB_DP, 0.000000, 0.002887, 1.000000, 0, 1
5, 5, 3.000000, PDP, 0.000000, 0.000396, 1.000000, 0, 1
5, 5, 3.000000, TABU, 0.000000, 4.222100, 1.000000, 0, 1
5, 5, 3.000000, GA, 0.000000, 10.392200, 1.000000, 0, 1
5, 5, 3.000000, BB_DP, 0.000000, 0.002380, 1.000000, 0, 1
5, 5, 3.000000, PDP, 0.000000, 0.000274, 1.000000, 0, 1
5, 5, 3.000000, TABU, 0.000000, 2.534700, 1.000000, 0, 1
5, 5, 3.000000, GA, 0.000000, 6.967700, 1.000000, 0, 1
5, 5, 3.000000, BB_DP, 0.000000, 0.002254, 1.000000, 0, 1
5, 5, 3.000000, PDP, 0.000000, 0.000338, 1.000000, 0, 1
5, 5, 3.000000, TABU, 0.000000, 2.252000, 1.000000, 0, 1
5, 5, 3.000000, GA, 0.000000, 7.004300, 1.000000, 0, 1
2, 5, 5.000000, BB_DP, 3.000000, 0.002744, 1.000000, 7, 1
2, 5, 5.000000, PDP, 3.000000, 0.000013, 1.000000, 0, 1
2, 5, 5.000000, TABU, 3.000000, 2.770000, 1.000000, 0, 1
2, 5, 5.000000, GA, 3.000000, 5.914600, 1.000000, 0, 1
2, 5, 5.000000, BB_DP, 4.000000, 0.003059, 1.000000, 5, 1
2, 5, 5.000000, PDP, 4.000000, 0.000015, 1.000000, 0, 1
2, 5, 5.000000, TABU, 5.000000, 2.982600, 1.250000, 0, 1
2, 5, 5.000000, GA, 4.000000, 7.363100, 1.000000, 0, 1
2, 5, 5.000000, BB_DP, 4.000000, 0.002832, 1.000000, 6, 1
2, 5, 5.000000, PDP, 4.000000, 0.000015, 1.000000, 0, 1
2, 5, 5.000000, TABU, 4.000000, 3.052200, 1.000000, 0, 1
2, 5, 5.000000, GA, 4.000000, 5.693600, 1.000000, 0, 1
2, 5, 5.000000, BB_DP, 2.000000, 0.003114, 1.000000, 4, 1
2, 5, 5.000000, PDP, 2.000000, 0.000017, 1.000000, 0, 1
2, 5, 5.000000, TABU, 2.000000, 3.245100, 1.000000, 0, 1
2, 5, 5.000000, GA, 2.000000, 6.081000, 1.000000, 0, 1
2, 5, 5.000000, BB_DP, 3.000000, 0.002609, 1.000000, 23, 1
2, 5, 5.000000, PDP, 3.000000, 0.000008, 1.000000, 0, 1
2, 5, 5.000000, TABU, 3.000000, 3.007600, 1.000000, 0, 1
2, 5, 5.000000, GA, 3.000000, 7.947100, 1.000000, 0, 1
3, 5, 5.000000, BB_DP, 2.000000, 0.003420, 1.000000, 11, 1
3, 5, 5.000000, PDP, 2.000000, 0.000052, 1.000000, 0, 1
3, 5, 5.000000, TABU, 2.000000, 3.094700, 1.000000, 0, 1
3, 5, 5.000000, GA, 2.000000, 6.468400, 1.000000, 0, 1
3, 5, 5.000000, BB_DP, 0.000000, 0.003069, 1.000000, 0, 1
3, 5, 5.000000, PDP, 0.000000, 0.000029, 1.000000, 0, 1
3, 5, 5.000000, TABU, 0.000000, 3.363800, 1.000000, 0, 1
3, 5, 5.000000, GA, 0.000000, 5.992700, 1.000000, 0, 1
3, 5, 5.000000, BB_DP, 0.000000, 0.003446, 1.000000, 0, 1
3, 5, 5.000000, PDP, 0.000000, 0.000032, 1.000000, 0, 1
3, 5, 5.000000, TABU, 1.000000, 3.252500, inf, 0, 1
3, 5, 5.000000, GA, 1.000000, 6.122300, inf, 0, 1
3, 5, 5.000000, BB_DP, 2.000000, 0.003354, 1.000000, 0, 1
3, 5, 5.000000, PDP, 2.000000, 0.000044, 1.000000, 0, 1
3, 5, 5.000000, TABU, 2.000000, 3.382700, 1.000000, 0, 1
3, 5, 5.000000, GA, 2.000000, 6.242200, 1.000000, 0, 1
3, 5, 5.000000, BB_DP, 0.000000, 0.003041, 1.000000, 0, 1
3, 5, 5.000000, PDP, 0.000000, 0.000040, 1.000000, 0, 1
3, 5, 5.000000, TABU, 0.000000, 3.409600, 1.000000, 0, 1
3, 5, 5.000000, GA, 0.000000, 6.958000, 1.000000, 0, 1
5, 5, 5.000000, BB_DP, 0.000000, 0.002154, 1.000000, 0, 1
5, 5, 5.000000, PDP, 0.000000, 0.000278, 1.000000, 0, 1
5, 5, 5.000000, TABU, 0.000000, 2.139300, 1.000000, 0, 1
5, 5, 5.000000, GA, 0.000000, 5.908200, 1.000000, 0, 1
5, 5, 5.000000, BB_DP, 0.000000, 0.001881, 1.000000, 0, 1
5, 5, 5.000000, PDP, 0.000000, 0.000250, 1.000000, 0, 1
5, 5, 5.000000, TABU, 0.000000, 1.897300, 1.000000, 0, 1
5, 5, 5.000000, GA, 0.000000, 6.569000, 1.000000, 0, 1
5, 5, 5.000000, BB_DP, 0.000000, 0.001951, 1.000000, 0, 1
5, 5, 5.000000, PDP, 0.000000, 0.000254, 1.000000, 0, 1
5, 5, 5.000000, TABU, 0.000000, 1.945800, 1.000000, 0, 1
5, 5, 5.000000, GA, 0.000000, 6.146400, 1.000000, 0, 1
5, 5, 5.000000, BB_DP, 0.000000, 0.001966, 1.000000, 0, 1
5, 5, 5.000000, PDP, 0.000000, 0.000246, 1.000000, 0, 1
5, 5, 5.000000, TABU, 0.000000, 1.884200, 1.000000, 0, 1
5, 5, 5.000000, GA, 1.000000, 5.924800, inf, 0, 1
5, 5, 5.000000, BB_DP, 0.000000, 0.002336, 1.000000, 0, 1
5, 5, 5.000000, PDP, 0.000000, 0.000233, 1.000000, 0, 1
5, 5, 5.000000, TABU, 0.000000, 2.441900, 1.000000, 0, 1
5, 5, 5.000000, GA, 0.000000, 6.029200, 1.000000, 0, 1
2, 5, 7.000000, BB_DP, 6.000000, 0.002698, 1.000000, 5, 1
2, 5, 7.000000, PDP, 6.000000, 0.000010, 1.000000, 0, 1
2, 5, 7.000000, TABU, 6.000000, 2.769600, 1.000000, 0, 1
2, 5, 7.000000, GA, 6.000000, 5.542900, 1.000000, 0, 1
2, 5, 7.000000, BB_DP, 5.000000, 0.002670, 1.000000, 15, 1
2, 5, 7.000000, PDP, 5.000000, 0.000012, 1.000000, 0, 1
2, 5, 7.000000, TABU, 5.000000, 2.723400, 1.000000, 0, 1
2, 5, 7.000000, GA, 5.000000, 5.893600, 1.000000, 0, 1
2, 5, 7.000000, BB_DP, 10.000000, 0.002768, 1.000000, 4, 1
2, 5, 7.000000, PDP, 10.000000, 0.000011, 1.000000, 0, 1
2, 5, 7.000000, TABU, 10.000000, 2.702600, 1.000000, 0, 1
2, 5, 7.000000, GA, 10.000000, 6.116800, 1.000000, 0, 1
2, 5, 7.000000, BB_DP, 9.000000, 0.003432, 1.000000, 5, 1
2, 5, 7.000000, PDP, 9.000000, 0.000016, 1.000000, 0, 1
2, 5, 7.000000, TABU, 9.000000, 2.634900, 1.000000, 0, 1
2, 5, 7.000000, GA, 9.000000, 7.512200, 1.000000, 0, 1
2, 5, 7.000000, BB_DP, 7.000000, 0.003535, 1.000000, 4, 1
2, 5, 7.000000, PDP, 7.000000, 0.000016, 1.000000, 0, 1
2, 5, 7.000000, TABU, 7.000000, 2.636200, 1.000000, 0, 1
2, 5, 7.000000, GA, 7.000000, 5.966300, 1.000000, 0, 1
3, 5, 7.000000, BB_DP, 0.000000, 0.003436, 1.000000, 0, 1
3, 5, 7.000000, PDP, 0.000000, 0.000037, 1.000000, 0, 1
3, 5, 7.000000, TABU, 0.000000, 3.453300, 1.000000, 0, 1
3, 5, 7.000000, GA, 0.000000, 5.826200, 1.000000, 0, 1
3, 5, 7.000000, BB_DP, 1.000000, 0.003089, 1.000000, 0, 1
3, 5, 7.000000, PDP, 1.000000, 0.000028, 1.000000, 0, 1
3, 5, 7.000000, TABU, 1.000000, 2.892200, 1.000000, 0, 1
3, 5, 7.000000, GA, 1.000000, 5.937300, 1.000000, 0, 1
3, 5, 7.000000, BB_DP, 4.000000, 0.003172, 1.000000, 3, 1
3, 5, 7.000000, PDP, 4.000000, 0.000034, 1.000000, 0, 1
3, 5, 7.000000, TABU, 4.000000, 3.157100, 1.000000, 0, 1
3, 5, 7.000000, GA, 4.000000, 6.219200, 1.000000, 0, 1
3, 5, 7.000000, BB_DP, 1.000000, 0.003303, 1.000000, 6, 1
3, 5, 7.000000, PDP, 1.000000, 0.000039, 1.000000, 0, 1
3, 5, 7.000000, TABU, 1.000000, 2.898100, 1.000000, 0, 1
3, 5, 7.000000, GA, 1.000000, 5.615200, 1.000000, 0, 1
3, 5, 7.000000, BB_DP, 1.000000, 0.003388, 1.000000, 0, 1
3, 5, 7.000000, PDP, 1.000000, 0.000038, 1.000000, 0, 1
3, 5, 7.000000, TABU, 1.000000, 3.236200, 1.000000, 0, 1
3, 5, 7.000000, GA, 1.000000, 6.230100, 1.000000, 0, 1
5, 5, 7.000000, BB_DP, 0.000000, 0.002111, 1.000000, 0, 1
5, 5, 7.000000, PDP, 0.000000, 0.000255, 1.000000, 0, 1
5, 5, 7.000000, TABU, 0.000000, 2.210000, 1.000000, 0, 1
5, 5, 7.000000, GA, 0.000000, 6.462800, 1.000000, 0, 1
5, 5, 7.000000, BB_DP, 0.000000, 0.002141, 1.000000, 0, 1
5, 5, 7.000000, PDP, 0.000000, 0.000323, 1.000000, 0, 1
5, 5, 7.000000, TABU, 0.000000, 2.173800, 1.000000, 0, 1
5, 5, 7.000000, GA, 0.000000, 6.206300, 1.000000, 0, 1
5, 5, 7.000000, BB_DP, 0.000000, 0.001808, 1.000000, 0, 1
5, 5, 7.000000, PDP, 0.000000, 0.000239, 1.000000, 0, 1
5, 5, 7.000000, TABU, 0.000000, 1.824300, 1.000000, 0, 1
5, 5, 7.000000, GA, 0.000000, 5.633600, 1.000000, 0, 1
5, 5, 7.000000, BB_DP, 0.000000, 0.001840, 1.000000, 0, 1
5, 5, 7.000000, PDP, 0.000000, 0.000262, 1.000000, 0, 1
5, 5, 7.000000, TABU, 0.000000, 2.955400, 1.000000, 0, 1
5, 5, 7.000000, GA, 0.000000, 5.674600, 1.000000, 0, 1
5, 5, 7.000000, BB_DP, 0.000000, 0.002985, 1.000000, 0, 1
5, 5, 7.000000, PDP, 0.000000, 0.000231, 1.000000, 0, 1
5, 5, 7.000000, TABU, 0.000000, 2.274300, 1.000000, 0, 1
5, 5, 7.000000, GA, 0.000000, 5.844600, 1.000000, 0, 1
2, 6, 3.000000, BB_DP, 8.000000, 0.002957, 1.000000, 4, 1
2, 6, 3.000000, PDP, 8.000000, 0.000021, 1.000000, 0, 1
2, 6, 3.000000, TABU, 8.000000, 3.060100, 1.000000, 0, 1
2, 6, 3.000000, GA, 8.000000, 5.782300, 1.000000, 0, 1
2, 6, 3.000000, BB_DP, 7.000000, 0.003669, 1.000000, 25, 1
2, 6, 3.000000, PDP, 7.000000, 0.000020, 1.000000, 0, 1
2, 6, 3.000000, TABU, 7.000000, 3.109500, 1.000000, 0, 1
2, 6, 3.000000, GA, 7.000000, 5.773900, 1.000000, 0, 1
2, 6, 3.000000, BB_DP, 3.000000, 0.003105, 1.000000, 13, 1
2, 6, 3.000000, PDP, 3.000000, 0.000026, 1.000000, 0, 1
2, 6, 3.000000, TABU, 3.000000, 4.198800, 1.000000, 0, 1
2, 6, 3.000000, GA, 3.000000, 6.442700, 1.000000, 0, 1
2, 6, 3.000000, BB_DP, 12.000000, 0.003076, 1.000000, 7, 1
2, 6, 3.000000, PDP, 12.000000, 0.000024, 1.000000, 0, 1
2, 6, 3.000000, TABU, 12.000000, 4.337400, 1.000000, 0, 1
2, 6, 3.000000, GA, 12.000000, 6.770900, 1.000000, 0, 1
2, 6, 3.000000, BB_DP, 3.000000, 0.003074, 1.000000, 8, 1
2, 6, 3.000000, PDP, 3.000000, 0.000017, 1.000000, 0, 1
2, 6, 3.000000, TABU, 3.000000, 3.240700, 1.000000, 0, 1
2, 6, 3.000000, GA, 3.000000, 7.566700, 1.000000, 0, 1
3, 6, 3.000000, BB_DP, 0.000000, 0.003153, 1.000000, 0, 1
3, 6, 3.000000, PDP, 0.000000, 0.000083, 1.000000, 0, 1
3, 6, 3.000000, TABU, 0.000000, 3.029400, 1.000000, 0, 1
3, 6, 3.000000, GA, 0.000000, 11.240900, 1.000000, 0, 1
3, 6, 3.000000, BB_DP, 2.000000, 0.003067, 1.000000, 9, 1
3, 6, 3.000000, PDP, 2.000000, 0.000090, 1.000000, 0, 1
3, 6, 3.000000, TABU, 2.000000, 3.269700, 1.000000, 0, 1
3, 6, 3.000000, GA, 2.000000, 6.386400, 1.000000, 0, 1
3, 6, 3.000000, BB_DP, 0.000000, 0.003150, 1.000000, 0, 1
3, 6, 3.000000, PDP, 0.000000, 0.000086, 1.000000, 0, 1
3, 6, 3.000000, TABU, 0.000000, 3.200400, 1.000000, 0, 1
3, 6, 3.000000, GA, 2.000000, 6.279200, inf, 0, 1
3, 6, 3.000000, BB_DP, 0.000000, 0.003069, 1.000000, 0, 1
3, 6, 3.000000, PDP, 0.000000, 0.000083, 1.000000, 0, 1
3, 6, 3.000000, TABU, 0.000000, 3.231000, 1.000000, 0, 1
3, 6, 3.000000, GA, 0.000000, 6.435600, 1.000000, 0, 1
3, 6, 3.000000, BB_DP, 2.000000, 0.003245, 1.000000, 0, 1
3, 6, 3.000000, PDP, 2.000000, 0.000082, 1.000000, 0, 1
3, 6, 3.000000, TABU, 2.000000, 3.155000, 1.000000, 0, 1
3, 6, 3.000000, GA, 2.000000, 6.402000, 1.000000, 0, 1
5, 6, 3.000000, BB_DP, 0.000000, 0.002264, 1.000000, 0, 1
5, 6, 3.000000, PDP, 0.000000, 0.001293, 1.000000, 0, 1
5, 6, 3.000000, TABU, 0.000000, 2.266900, 1.000000, 0, 1
5, 6, 3.000000, GA, 0.000000, 10.476200, 1.000000, 0, 1
5, 6, 3.000000, BB_DP, 0.000000, 0.002165, 1.000000, 0, 1
5, 6, 3.000000, PDP, 0.000000, 0.001291, 1.000000, 0, 1
5, 6, 3.000000, TABU, 0.000000, 2.828800, 1.000000, 0, 1
5, 6, 3.000000, GA, 0.000000, 9.510600, 1.000000, 0, 1
5, 6, 3.000000, BB_DP, 0.000000, 0.002053, 1.000000, 0, 1
5, 6, 3.000000, PDP, 0.000000, 0.001271, 1.000000, 0, 1
5, 6, 3.000000, TABU, 0.000000, 2.193400, 1.000000, 0, 1
5, 6, 3.000000, GA, 0.000000, 7.073300, 1.000000, 0, 1
5, 6, 3.000000, BB_DP, 0.000000, 0.002063, 1.000000, 0, 1
5, 6, 3.000000, PDP, 0.000000, 0.001292, 1.000000, 0, 1
5, 6, 3.000000, TABU, 0.000000, 3.271500, 1.000000, 0, 1
5, 6, 3.000000, GA, 0.000000, 6.888600, 1.000000, 0, 1
5, 6, 3.000000, BB_DP, 0.000000, 0.002180, 1.000000, 0, 1
5, 6, 3.000000, PDP, 0.000000, 0.001304, 1.000000, 0, 1
5, 6, 3.000000, TABU, 0.000000, 2.379500, 1.000000, 0, 1
5, 6, 3.000000, GA, 0.000000, 8.732600, 1.000000, 0, 1
2, 6, 5.000000, BB_DP, 10.000000, 0.002987, 1.000000, 7, 1
2, 6, 5.000000, PDP, 10.000000, 0.000026, 1.000000, 0, 1
2, 6, 5.000000, TABU, 10.000000, 3.156400, 1.000000, 0, 1
2, 6, 5.000000, GA, 10.000000, 6.782400, 1.000000, 0, 1
2, 6, 5.000000, BB_DP, 6.000000, 0.003808, 1.000000, 15, 1
2, 6, 5.000000, PDP, 6.000000, 0.000023, 1.000000, 0, 1
2, 6, 5.000000, TABU, 6.000000, 3.818800, 1.000000, 0, 1
2, 6, 5.000000, GA, 6.000000, 6.096100, 1.000000, 0, 1
2, 6, 5.000000, BB_DP, 3.000000, 0.003040, 1.000000, 18, 1
2, 6, 5.000000, PDP, 3.000000, 0.000017, 1.000000, 0, 1
2, 6, 5.000000, TABU, 3.000000, 2.913400, 1.000000, 0, 1
2, 6, 5.000000, GA, 3.000000, 15.896200, 1.000000, 0, 1
2, 6, 5.000000, BB_DP, 7.000000, 0.008446, 1.000000, 5, 1
2, 6, 5.000000, PDP, 7.000000, 0.000067, 1.000000, 0, 1
2, 6, 5.000000, TABU, 7.000000, 8.113700, 1.000000, 0, 1
2, 6, 5.000000, GA, 7.000000, 15.518600, 1.000000, 0, 1
2, 6, 5.000000, BB_DP, 12.000000, 0.009168, 1.000000, 15, 1
2, 6, 5.000000, PDP, 12.000000, 0.000048, 1.000000, 0, 1
2, 6, 5.000000, TABU, 12.000000, 5.612700, 1.000000, 0, 1
2, 6, 5.000000, GA, 12.000000, 5.508700, 1.000000, 0, 1
3, 6, 5.000000, BB_DP, 0.000000, 0.003185, 1.000000, 43, 1
3, 6, 5.000000, PDP, 0.000000, 0.000082, 1.000000, 0, 1
3, 6, 5.000000, TABU, 1.000000, 2.902900, inf, 0, 1
3, 6, 5.000000, GA, 1.000000, 5.907300, inf, 0, 1
3, 6, 5.000000, BB_DP, 1.000000, 0.003187, 1.000000, 5, 1
3, 6, 5.000000, PDP, 1.000000, 0.000077, 1.000000, 0, 1
3, 6, 5.000000, TABU, 1.000000, 2.873900, 1.000000, 0, 1
3, 6, 5.000000, GA, 1.000000, 5.782500, 1.000000, 0, 1
3, 6, 5.000000, BB_DP, 2.000000, 0.003622, 1.000000, 0, 1
3, 6, 5.000000, PDP, 2.000000, 0.000100, 1.000000, 0, 1
3, 6, 5.000000, TABU, 2.000000, 3.172500, 1.000000, 0, 1
3, 6, 5.000000, GA, 2.000000, 5.660000, 1.000000, 0, 1
3, 6, 5.000000, BB_DP, 0.000000, 0.002924, 1.000000, 0, 1
3, 6, 5.000000, PDP, 0.000000, 0.000088, 1.000000, 0, 1
3, 6, 5.000000, TABU, 0.000000, 3.287900, 1.000000, 0, 1
3, 6, 5.000000, GA, 0.000000, 5.887600, 1.000000, 0, 1
3, 6, 5.000000, BB_DP, 3.000000, 0.003413, 1.000000, 34, 1
3, 6, 5.000000, PDP, 3.000000, 0.000077, 1.000000, 0, 1
3, 6, 5.000000, TABU, 3.000000, 3.492200, 1.000000, 0, 1
3, 6, 5.000000, GA, 4.000000, 6.734700, 1.333333, 0, 1
5, 6, 5.000000, BB_DP, 0.000000, 0.003031, 1.000000, 0, 1
5, 6, 5.000000, PDP, 0.000000, 0.001331, 1.000000, 0, 1
5, 6, 5.000000, TABU, 0.000000, 3.522400, 1.000000, 0, 1
5, 6, 5.000000, GA, 0.000000, 12.279000, 1.000000, 0, 1
5, 6, 5.000000, BB_DP, 0.000000, 0.003030, 1.000000, 0, 1
5, 6, 5.000000, PDP, 0.000000, 0.002168, 1.000000, 0, 1
5, 6, 5.000000, TABU, 0.000000, 7.289300, 1.000000, 0, 1
5, 6, 5.000000, GA, 0.000000, 10.667000, 1.000000, 0, 1
5, 6, 5.000000, BB_DP, 0.000000, 0.002823, 1.000000, 0, 1
5, 6, 5.000000, PDP, 0.000000, 0.001760, 1.000000, 0, 1
5, 6, 5.000000, TABU, 0.000000, 2.879700, 1.000000, 0, 1
5, 6, 5.000000, GA, 0.000000, 9.238100, 1.000000, 0, 1
5, 6, 5.000000, BB_DP, 0.000000, 0.076894, 1.000000, 484, 1
5, 6, 5.000000, PDP, 0.000000, 0.001243, 1.000000, 0, 1
5, 6, 5.000000, TABU, 0.000000, 3.097400, 1.000000, 0, 1
5, 6, 5.000000, GA, 0.000000, 6.528500, 1.000000, 0, 1
5, 6, 5.000000, BB_DP, 0.000000, 0.003619, 1.000000, 0, 1
5, 6, 5.000000, PDP, 0.000000, 0.001342, 1.000000, 0, 1
5, 6, 5.000000, TABU, 0.000000, 3.954100, 1.000000, 0, 1
5, 6, 5.000000, GA, 0.000000, 7.429000, 1.000000, 0, 1
2, 6, 7.000000, BB_DP, 4.000000, 0.003707, 1.000000, 7, 1
2, 6, 7.000000, PDP, 4.000000, 0.000023, 1.000000, 0, 1
2, 6, 7.000000, TABU, 4.000000, 3.558600, 1.000000, 0, 1
2, 6, 7.000000, GA, 4.000000, 6.881900, 1.000000, 0, 1
2, 6, 7.000000, BB_DP, 3.000000, 0.002220, 1.000000, 18, 1
2, 6, 7.000000, PDP, 3.000000, 0.000021, 1.000000, 0, 1
2, 6, 7.000000, TABU, 3.000000, 2.783600, 1.000000, 0, 1
2, 6, 7.000000, GA, 3.000000, 5.408600, 1.000000, 0, 1
2, 6, 7.000000, BB_DP, 8.000000, 0.002877, 1.000000, 14, 1
2, 6, 7.000000, PDP, 8.000000, 0.000023, 1.000000, 0, 1
2, 6, 7.000000, TABU, 8.000000, 3.172400, 1.000000, 0, 1
2, 6, 7.000000, GA, 8.000000, 7.268100, 1.000000, 0, 1
2, 6, 7.000000, BB_DP, 3.000000, 0.006782, 1.000000, 11, 1
2, 6, 7.000000, PDP, 3.000000, 0.000024, 1.000000, 0, 1
2, 6, 7.000000, TABU, 3.000000, 4.275800, 1.000000, 0, 1
2, 6, 7.000000, GA, 3.000000, 7.489500, 1.000000, 0, 1
2, 6, 7.000000, BB_DP, 3.000000, 0.003801, 1.000000, 5, 1
2, 6, 7.000000, PDP, 3.000000, 0.000026, 1.000000, 0, 1
2, 6, 7.000000, TABU, 3.000000, 4.183000, 1.000000, 0, 1
2, 6, 7.000000, GA, 3.000000, 7.282700, 1.000000, 0, 1
3, 6, 7.000000, BB_DP, 0.000000, 0.003085, 1.000000, 0, 1
3, 6, 7.000000, PDP, 0.000000, 0.000104, 1.000000, 0, 1
3, 6, 7.000000, TABU, 0.000000, 2.970800, 1.000000, 0, 1
3, 6, 7.000000, GA, 0.000000, 5.635100, 1.000000, 0, 1
3, 6, 7.000000, BB_DP, 3.000000, 0.003274, 1.000000, 25, 1
3, 6, 7.000000, PDP, 3.000000, 0.000088, 1.000000, 0, 1
3, 6, 7.000000, TABU, 3.000000, 2.744100, 1.000000, 0, 1
3, 6, 7.000000, GA, 3.000000, 6.043100, 1.000000, 0, 1
3, 6, 7.000000, BB_DP, 2.000000, 0.003439, 1.000000, 0, 1
3, 6, 7.000000, PDP, 2.000000, 0.000087, 1.000000, 0, 1
3, 6, 7.000000, TABU, 2.000000, 3.141800, 1.000000, 0, 1
3, 6, 7.000000, GA, 2.000000, 5.909400, 1.000000, 0, 1
3, 6, 7.000000, BB_DP, 0.000000, 0.003057, 1.000000, 0, 1
3, 6, 7.000000, PDP, 0.000000, 0.000084, 1.000000, 0, 1
3, 6, 7.000000, TABU, 0.000000, 2.984800, 1.000000, 0, 1
3, 6, 7.000000, GA, 0.000000, 5.860400, 1.000000, 0, 1
3, 6, 7.000000, BB_DP, 1.000000, 0.002938, 1.000000, 0, 1
3, 6, 7.000000, PDP, 1.000000, 0.000081, 1.000000, 0, 1
3, 6, 7.000000, TABU, 1.000000, 3.113400, 1.000000, 0, 1
3, 6, 7.000000, GA, 1.000000, 6.002200, 1.000000, 0, 1
5, 6, 7.000000, BB_DP, 0.000000, 0.001876, 1.000000, 0, 1
5, 6, 7.000000, PDP, 0.000000, 0.001184, 1.000000, 0, 1
5, 6, 7.000000, TABU, 0.000000, 1.917000, 1.000000, 0, 1
5, 6, 7.000000, GA, 0.000000, 6.551000, 1.000000, 0, 1
5, 6, 7.000000, BB_DP, 0.000000, 0.002158, 1.000000, 0, 1
5, 6, 7.000000, PDP, 0.000000, 0.001336, 1.000000, 0, 1
5, 6, 7.000000, TABU, 0.000000, 2.117700, 1.000000, 0, 1
5, 6, 7.000000, GA, 0.000000, 6.775700, 1.000000, 0, 1
5, 6, 7.000000, BB_DP, 0.000000, 0.002189, 1.000000, 0, 1
5, 6, 7.000000, PDP, 0.000000, 0.001346, 1.000000, 0, 1
5, 6, 7.000000, TABU, 0.000000, 2.148600, 1.000000, 0, 1
5, 6, 7.000000, GA, 0.000000, 6.694100, 1.000000, 0, 1
5, 6, 7.000000, BB_DP, 0.000000, 0.050850, 1.000000, 313, 1
5, 6, 7.000000, PDP, 0.000000, 0.001203, 1.000000, 0, 1
5, 6, 7.000000, TABU, 0.000000, 3.469200, 1.000000, 0, 1
5, 6, 7.000000, GA, 0.000000, 7.776600, 1.000000, 0, 1
5, 6, 7.000000, BB_DP, 0.000000, 0.002282, 1.000000, 0, 1
5, 6, 7.000000, PDP, 0.000000, 0.001401, 1.000000, 0, 1
5, 6, 7.000000, TABU, 0.000000, 2.473000, 1.000000, 0, 1
5, 6, 7.000000, GA, 0.000000, 6.947700, 1.000000, 0, 1
2, 7, 3.000000, BB_DP, 10.000000, 0.003931, 1.000000, 10, 1
2, 7, 3.000000, PDP, 10.000000, 0.000049, 1.000000, 0, 1
2, 7, 3.000000, TABU, 10.000000, 3.236600, 1.000000, 0, 1
2, 7, 3.000000, GA, 10.000000, 6.246800, 1.000000, 0, 1
2, 7, 3.000000, BB_DP, 8.000000, 0.003112, 1.000000, 54, 1
2, 7, 3.000000, PDP, 8.000000, 0.000039, 1.000000, 0, 1
2, 7, 3.000000, TABU, 8.000000, 2.946000, 1.000000, 0, 1
2, 7, 3.000000, GA, 8.000000, 6.026600, 1.000000, 0, 1
2, 7, 3.000000, BB_DP, 12.000000, 0.003190, 1.000000, 11, 1
2, 7, 3.000000, PDP, 12.000000, 0.000026, 1.000000, 0, 1
2, 7, 3.000000, TABU, 12.000000, 2.017300, 1.000000, 0, 1
2, 7, 3.000000, GA, 12.000000, 5.461000, 1.000000, 0, 1
2, 7, 3.000000, BB_DP, 8.000000, 0.002970, 1.000000, 15, 1
2, 7, 3.000000, PDP, 8.000000, 0.000041, 1.000000, 0, 1
2, 7, 3.000000, TABU, 8.000000, 3.265600, 1.000000, 0, 1
2, 7, 3.000000, GA, 8.000000, 6.458500, 1.000000, 0, 1
2, 7, 3.000000, BB_DP, 4.000000, 0.003221, 1.000000, 18, 1
2, 7, 3.000000, PDP, 4.000000, 0.000028, 1.000000, 0, 1
2, 7, 3.000000, TABU, 4.000000, 2.876700, 1.000000, 0, 1
2, 7, 3.000000, GA, 4.000000, 6.763400, 1.000000, 0, 1
3, 7, 3.000000, BB_DP, 1.000000, 0.005191, 1.000000, 6, 1
3, 7, 3.000000, PDP, 1.000000, 0.000255, 1.000000, 0, 1
3, 7, 3.000000, TABU, 1.000000, 3.502400, 1.000000, 0, 1
3, 7, 3.000000, GA, 6.000000, 6.960700, 6.000000, 0, 1
3, 7, 3.000000, BB_DP, 2.000000, 0.003974, 1.000000, 33, 1
3, 7, 3.000000, PDP, 2.000000, 0.000199, 1.000000, 0, 1
3, 7, 3.000000, TABU, 2.000000, 2.837900, 1.000000, 0, 1
3, 7, 3.000000, GA, 2.000000, 6.227900, 1.000000, 0, 1
3, 7, 3.000000, BB_DP, 4.000000, 0.004258, 1.000000, 70, 1
3, 7, 3.000000, PDP, 4.000000, 0.000212, 1.000000, 0, 1
3, 7, 3.000000, TABU, 4.000000, 2.994000, 1.000000, 0, 1
3, 7, 3.000000, GA, 4.000000, 7.898000, 1.000000, 0, 1
3, 7, 3.000000, BB_DP, 1.000000, 0.004590, 1.000000, 16, 1
3, 7, 3.000000, PDP, 1.000000, 0.000224, 1.000000, 0, 1
3, 7, 3.000000, TABU, 1.000000, 3.364000, 1.000000, 0, 1
3, 7, 3.000000, GA, 1.000000, 6.591700, 1.000000, 0, 1
3, 7, 3.000000, BB_DP, 0.000000, 0.003267, 1.000000, 0, 1
3, 7, 3.000000, PDP, 0.000000, 0.000305, 1.000000, 0, 1
3, 7, 3.000000, TABU, 0.000000, 3.176400, 1.000000, 0, 1
3, 7, 3.000000, GA, 0.000000, 6.284800, 1.000000, 0, 1
5, 7, 3.000000, BB_DP, 0.000000, 0.002009, 1.000000, 0, 1
5, 7, 3.000000, PDP, 0.000000, 0.006537, 1.000000, 0, 1
5, 7, 3.000000, TABU, 0.000000, 2.232700, 1.000000, 0, 1
5, 7, 3.000000, GA, 0.000000, 6.609400, 1.000000, 0, 1
5, 7, 3.000000, BB_DP, 0.000000, 0.003002, 1.000000, 0, 1
5, 7, 3.000000, PDP, 0.000000, 0.007796, 1.000000, 0, 1
5, 7, 3.000000, TABU, 0.000000, 2.749900, 1.000000, 0, 1
5, 7, 3.000000, GA, 0.000000, 8.139200, 1.000000, 0, 1
5, 7, 3.000000, BB_DP, 0.000000, 0.130922, 1.000000, 2382, 1
5, 7, 3.000000, PDP, 0.000000, 0.006085, 1.000000, 0, 1
5, 7, 3.000000, TABU, 1.000000, 1.915400, inf, 0, 1
5, 7, 3.000000, GA, 1.000000, 6.339700, inf, 0, 1
5, 7, 3.000000, BB_DP, 0.000000, 0.003200, 1.000000, 0, 1
5, 7, 3.000000, PDP, 0.000000, 0.007705, 1.000000, 0, 1
5, 7, 3.000000, TABU, 0.000000, 3.211700, 1.000000, 0, 1
5, 7, 3.000000, GA, 0.000000, 8.998000, 1.000000, 0, 1
5, 7, 3.000000, BB_DP, 0.000000, 0.003193, 1.000000, 0, 1
5, 7, 3.000000, PDP, 0.000000, 0.006414, 1.000000, 0, 1
5, 7, 3.000000, TABU, 0.000000, 1.982500, 1.000000, 0, 1
5, 7, 3.000000, GA, 0.000000, 6.141700, 1.000000, 0, 1
2, 7, 5.000000, BB_DP, 11.000000, 0.002959, 1.000000, 38, 1
2, 7, 5.000000, PDP, 11.000000, 0.000026, 1.000000, 0, 1
2, 7, 5.000000, TABU, 11.000000, 3.096700, 1.000000, 0, 1
2, 7, 5.000000, GA, 11.000000, 5.903900, 1.000000, 0, 1
2, 7, 5.000000, BB_DP, 9.000000, 0.003217, 1.000000, 11, 1
2, 7, 5.000000, PDP, 9.000000, 0.000042, 1.000000, 0, 1
2, 7, 5.000000, TABU, 9.000000, 2.980600, 1.000000, 0, 1
2, 7, 5.000000, GA, 9.000000, 5.690600, 1.000000, 0, 1
2, 7, 5.000000, BB_DP, 19.000000, 0.002928, 1.000000, 8, 1
2, 7, 5.000000, PDP, 19.000000, 0.000029, 1.000000, 0, 1
2, 7, 5.000000, TABU, 19.000000, 3.309400, 1.000000, 0, 1
2, 7, 5.000000, GA, 19.000000, 6.104400, 1.000000, 0, 1
2, 7, 5.000000, BB_DP, 17.000000, 0.003352, 1.000000, 16, 1
2, 7, 5.000000, PDP, 17.000000, 0.000041, 1.000000, 0, 1
2, 7, 5.000000, TABU, 17.000000, 3.363800, 1.000000, 0, 1
2, 7, 5.000000, GA, 17.000000, 6.148200, 1.000000, 0, 1
2, 7, 5.000000, BB_DP, 12.000000, 0.003195, 1.000000, 16, 1
2, 7, 5.000000, PDP, 12.000000, 0.000024, 1.000000, 0, 1
2, 7, 5.000000, TABU, 12.000000, 3.118700, 1.000000, 0, 1
2, 7, 5.000000, GA, 12.000000, 6.427800, 1.000000, 0, 1
3, 7, 5.000000, BB_DP, 5.000000, 0.003428, 1.000000, 113, 1
3, 7, 5.000000, PDP, 5.000000, 0.000222, 1.000000, 0, 1
3, 7, 5.000000, TABU, 8.000000, 2.047500, 1.600000, 0, 1
3, 7, 5.000000, GA, 5.000000, 6.188500, 1.000000, 0, 1
3, 7, 5.000000, BB_DP, 2.000000, 0.003566, 1.000000, 80, 1
3, 7, 5.000000, PDP, 2.000000, 0.000202, 1.000000, 0, 1
3, 7, 5.000000, TABU, 2.000000, 2.937100, 1.000000, 0, 1
3, 7, 5.000000, GA, 2.000000, 5.855300, 1.000000, 0, 1
3, 7, 5.000000, BB_DP, 0.000000, 0.003151, 1.000000, 0, 1
3, 7, 5.000000, PDP, 0.000000, 0.000229, 1.000000, 0, 1
3, 7, 5.000000, TABU, 0.000000, 2.942400, 1.000000, 0, 1
3, 7, 5.000000, GA, 1.000000, 5.947000, inf, 0, 1
3, 7, 5.000000, BB_DP, 1.000000, 0.003300, 1.000000, 15, 1
3, 7, 5.000000, PDP, 1.000000, 0.000229, 1.000000, 0, 1
3, 7, 5.000000, TABU, 1.000000, 3.287600, 1.000000, 0, 1
3, 7, 5.000000, GA, 1.000000, 6.215700, 1.000000, 0, 1
3, 7, 5.000000, BB_DP, 0.000000, 0.003300, 1.000000, 4, 1
3, 7, 5.000000, PDP, 0.000000, 0.000245, 1.000000, 0, 1
3, 7, 5.000000, TABU, 2.000000, 3.236800, inf, 0, 1
3, 7, 5.000000, GA, 2.000000, 6.564500, inf, 0, 1
5, 7, 5.000000, BB_DP, 0.000000, 0.001991, 1.000000, 0, 1
5, 7, 5.000000, PDP, 0.000000, 0.009261, 1.000000, 0, 1
5, 7, 5.000000, TABU, 0.000000, 2.450100, 1.000000, 0, 1
5, 7, 5.000000, GA, 0.000000, 7.675800, 1.000000, 0, 1
5, 7, 5.000000, BB_DP, 0.000000, 0.190558, 1.000000, 2078, 1
5, 7, 5.000000, PDP, 0.000000, 0.008042, 1.000000, 0, 1
5, 7, 5.000000, TABU, 1.000000, 2.370300, inf, 0, 1
5, 7, 5.000000, GA, 1.000000, 7.680700, inf, 0, 1
5, 7, 5.000000, BB_DP, 1.000000, 0.112560, 1.000000, 1920, 1
5, 7, 5.000000, PDP, 1.000000, 0.005958, 1.000000, 0, 1
5, 7, 5.000000, TABU, 2.000000, 3.239900, 2.000000, 0, 1
5, 7, 5.000000, GA, 2.000000, 7.274600, 2.000000, 0, 1
5, 7, 5.000000, BB_DP, 0.000000, 0.002243, 1.000000, 0, 1
5, 7, 5.000000, PDP, 0.000000, 0.005932, 1.000000, 0, 1
5, 7, 5.000000, TABU, 0.000000, 2.337800, 1.000000, 0, 1
5, 7, 5.000000, GA, 0.000000, 8.813200, 1.000000, 0, 1
5, 7, 5.000000, BB_DP, 0.000000, 0.001899, 1.000000, 0, 1
5, 7, 5.000000, PDP, 0.000000, 0.007429, 1.000000, 0, 1
5, 7, 5.000000, TABU, 0.000000, 2.420700, 1.000000, 0, 1
5, 7, 5.000000, GA, 0.000000, 7.456400, 1.000000, 0, 1
2, 7, 7.000000, BB_DP, 11.000000, 0.004718, 1.000000, 6, 1
2, 7, 7.000000, PDP, 11.000000, 0.000053, 1.000000, 0, 1
2, 7, 7.000000, TABU, 11.000000, 5.739500, 1.000000, 0, 1
2, 7, 7.000000, GA, 11.000000, 9.490300, 1.000000, 0, 1
2, 7, 7.000000, BB_DP, 11.000000, 0.003683, 1.000000, 10, 1
2, 7, 7.000000, PDP, 11.000000, 0.000057, 1.000000, 0, 1
2, 7, 7.000000, TABU, 11.000000, 4.664400, 1.000000, 0, 1
2, 7, 7.000000, GA, 11.000000, 7.293900, 1.000000, 0, 1
2, 7, 7.000000, BB_DP, 11.000000, 0.003480, 1.000000, 53, 1
2, 7, 7.000000, PDP, 11.000000, 0.000028, 1.000000, 0, 1
2, 7, 7.000000, TABU, 11.000000, 2.509500, 1.000000, 0, 1
2, 7, 7.000000, GA, 11.000000, 6.575000, 1.000000, 0, 1
2, 7, 7.000000, BB_DP, 11.000000, 0.003003, 1.000000, 32, 1
2, 7, 7.000000, PDP, 11.000000, 0.000025, 1.000000, 0, 1
2, 7, 7.000000, TABU, 11.000000, 2.695400, 1.000000, 0, 1
2, 7, 7.000000, GA, 11.000000, 5.535300, 1.000000, 0, 1
2, 7, 7.000000, BB_DP, 11.000000, 0.002955, 1.000000, 38, 1
2, 7, 7.000000, PDP, 11.000000, 0.000028, 1.000000, 0, 1
2, 7, 7.000000, TABU, 11.000000, 3.540600, 1.000000, 0, 1
2, 7, 7.000000, GA, 11.000000, 6.883900, 1.000000, 0, 1
3, 7, 7.000000, BB_DP, 5.000000, 0.004191, 1.000000, 13, 1
3, 7, 7.000000, PDP, 5.000000, 0.000249, 1.000000, 0, 1
3, 7, 7.000000, TABU, 5.000000, 3.539000, 1.000000, 0, 1
3, 7, 7.000000, GA, 5.000000, 7.232100, 1.000000, 0, 1
3, 7, 7.000000, BB_DP, 2.000000, 0.004080, 1.000000, 27, 1
3, 7, 7.000000, PDP, 2.000000, 0.000211, 1.000000, 0, 1
3, 7, 7.000000, TABU, 3.000000, 3.059800, 1.500000, 0, 1
3, 7, 7.000000, GA, 3.000000, 5.984800, 1.500000, 0, 1
3, 7, 7.000000, BB_DP, 0.000000, 0.002506, 1.000000, 0, 1
3, 7, 7.000000, PDP, 0.000000, 0.000258, 1.000000, 0, 1
3, 7, 7.000000, TABU, 0.000000, 3.128400, 1.000000, 0, 1
3, 7, 7.000000, GA, 0.000000, 5.749500, 1.000000, 0, 1
3, 7, 7.000000, BB_DP, 4.000000, 0.003380, 1.000000, 1, 1
3, 7, 7.000000, PDP, 4.000000, 0.000233, 1.000000, 0, 1
3, 7, 7.000000, TABU, 4.000000, 3.247900, 1.000000, 0, 1
3, 7, 7.000000, GA, 4.000000, 5.831200, 1.000000, 0, 1
3, 7, 7.000000, BB_DP, 3.000000, 0.003857, 1.000000, 53, 1
3, 7, 7.000000, PDP, 3.000000, 0.000207, 1.000000, 0, 1
3, 7, 7.000000, TABU, 3.000000, 3.521400, 1.000000, 0, 1
3, 7, 7.000000, GA, 3.000000, 6.114300, 1.000000, 0, 1
5, 7, 7.000000, BB_DP, 0.000000, 0.002728, 1.000000, 0, 1
5, 7, 7.000000, PDP, 0.000000, 0.006468, 1.000000, 0, 1
5, 7, 7.000000, TABU, 0.000000, 3.717600, 1.000000, 0, 1
5, 7, 7.000000, GA, 0.000000, 7.265000, 1.000000, 0, 1
5, 7, 7.000000, BB_DP, 0.000000, 0.002890, 1.000000, 0, 1
5, 7, 7.000000, PDP, 0.000000, 0.008512, 1.000000, 0, 1
5, 7, 7.000000, TABU, 0.000000, 2.693500, 1.000000, 0, 1
5, 7, 7.000000, GA, 0.000000, 6.402400, 1.000000, 0, 1
5, 7, 7.000000, BB_DP, 0.000000, 0.116932, 1.000000, 514, 1
5, 7, 7.000000, PDP, 0.000000, 0.006148, 1.000000, 0, 1
5, 7, 7.000000, TABU, 3.000000, 3.068300, inf, 0, 1
5, 7, 7.000000, GA, 0.000000, 6.343800, 1.000000, 0, 1
5, 7, 7.000000, BB_DP, 0.000000, 0.001900, 1.000000, 0, 1
5, 7, 7.000000, PDP, 0.000000, 0.006317, 1.000000, 0, 1
5, 7, 7.000000, TABU, 0.000000, 1.916100, 1.000000, 0, 1
5, 7, 7.000000, GA, 0.000000, 6.222800, 1.000000, 0, 1
5, 7, 7.000000, BB_DP, 0.000000, 0.002356, 1.000000, 0, 1
5, 7, 7.000000, PDP, 0.000000, 0.007240, 1.000000, 0, 1
5, 7, 7.000000, TABU, 0.000000, 2.064500, 1.000000, 0, 1
5, 7, 7.000000, GA, 0.000000, 8.765800, 1.000000, 0, 1
2, 8, 3.000000, BB_DP, 5.000000, 0.005012, 1.000000, 344, 1
2, 8, 3.000000, PDP, 5.000000, 0.000061, 1.000000, 0, 1
2, 8, 3.000000, TABU, 5.000000, 3.867800, 1.000000, 0, 1
2, 8, 3.000000, GA, 5.000000, 8.089400, 1.000000, 0, 1
2, 8, 3.000000, BB_DP, 5.000000, 0.004145, 1.000000, 51, 1
2, 8, 3.000000, PDP, 5.000000, 0.000050, 1.000000, 0, 1
2, 8, 3.000000, TABU, 5.000000, 2.971900, 1.000000, 0, 1
2, 8, 3.000000, GA, 5.000000, 6.127800, 1.000000, 0, 1
2, 8, 3.000000, BB_DP, 14.000000, 0.003362, 1.000000, 91, 1
2, 8, 3.000000, PDP, 14.000000, 0.000042, 1.000000, 0, 1
2, 8, 3.000000, TABU, 15.000000, 2.960200, 1.071429, 0, 1
2, 8, 3.000000, GA, 15.000000, 6.089800, 1.071429, 0, 1
2, 8, 3.000000, BB_DP, 13.000000, 0.003307, 1.000000, 33, 1
2, 8, 3.000000, PDP, 13.000000, 0.000049, 1.000000, 0, 1
2, 8, 3.000000, TABU, 13.000000, 3.165400, 1.000000, 0, 1
2, 8, 3.000000, GA, 13.000000, 6.834600, 1.000000, 0, 1
2, 8, 3.000000, BB_DP, 4.000000, 0.003759, 1.000000, 20, 1
2, 8, 3.000000, PDP, 4.000000, 0.000060, 1.000000, 0, 1
2, 8, 3.000000, TABU, 6.000000, 3.787400, 1.500000, 0, 1
2, 8, 3.000000, GA, 4.000000, 7.430100, 1.000000, 0, 1
3, 8, 3.000000, BB_DP, 2.000000, 0.007041, 1.000000, 123, 1
3, 8, 3.000000, PDP, 2.000000, 0.000721, 1.000000, 0, 1
3, 8, 3.000000, TABU, 2.000000, 3.733000, 1.000000, 0, 1
3, 8, 3.000000, GA, 5.000000, 7.483200, 2.500000, 0, 1
3, 8, 3.000000, BB_DP, 5.000000, 0.005150, 1.000000, 221, 1
3, 8, 3.000000, PDP, 5.000000, 0.000722, 1.000000, 0, 1
3, 8, 3.000000, TABU, 6.000000, 2.234600, 1.200000, 0, 1
3, 8, 3.000000, GA, 5.000000, 17.639500, 1.000000, 0, 1
3, 8, 3.000000, BB_DP, 2.000000, 0.010218, 1.000000, 21, 1
3, 8, 3.000000, PDP, 2.000000, 0.001909, 1.000000, 0, 1
3, 8, 3.000000, TABU, 2.000000, 7.918000, 1.000000, 0, 1
3, 8, 3.000000, GA, 2.000000, 15.891500, 1.000000, 0, 1
3, 8, 3.000000, BB_DP, 6.000000, 0.010989, 1.000000, 20, 1
3, 8, 3.000000, PDP, 6.000000, 0.001653, 1.000000, 0, 1
3, 8, 3.000000, TABU, 6.000000, 8.738200, 1.000000, 0, 1
3, 8, 3.000000, GA, 6.000000, 26.749600, 1.000000, 0, 1
3, 8, 3.000000, BB_DP, 1.000000, 0.010751, 1.000000, 15, 1
3, 8, 3.000000, PDP, 1.000000, 0.001553, 1.000000, 0, 1
3, 8, 3.000000, TABU, 1.000000, 8.017600, 1.000000, 0, 1
3, 8, 3.000000, GA, 1.000000, 16.090200, 1.000000, 0, 1
5, 8, 3.000000, BB_DP, 0.000000, 0.354027, 1.000000, 3344, 1
5, 8, 3.000000, PDP, 0.000000, 0.033867, 1.000000, 0, 1
5, 8, 3.000000, TABU, 3.000000, 2.274400, inf, 0, 1
5, 8, 3.000000, GA, 0.000000, 7.859800, 1.000000, 0, 1
5, 8, 3.000000, BB_DP, 0.000000, 0.003657, 1.000000, 0, 1
5, 8, 3.000000, PDP, 0.000000, 0.035447, 1.000000, 0, 1
5, 8, 3.000000, TABU, 0.000000, 3.907800, 1.000000, 0, 1
5, 8, 3.000000, GA, 0.000000, 8.544200, 1.000000, 0, 1
5, 8, 3.000000, BB_DP, 0.000000, 0.002379, 1.000000, 0, 1
5, 8, 3.000000, PDP, 0.000000, 0.035112, 1.000000, 0, 1
5, 8, 3.000000, TABU, 0.000000, 4.219300, 1.000000, 0, 1
5, 8, 3.000000, GA, 0.000000, 7.116300, 1.000000, 0, 1
5, 8, 3.000000, BB_DP, 0.000000, 0.002521, 1.000000, 0, 1
5, 8, 3.000000, PDP, 0.000000, 0.035555, 1.000000, 0, 1
5, 8, 3.000000, TABU, 0.000000, 2.402700, 1.000000, 0, 1
5, 8, 3.000000, GA, 0.000000, 7.833600, 1.000000, 0, 1
5, 8, 3.000000, BB_DP, 0.000000, 0.153095, 1.000000, 1048, 1
5, 8, 3.000000, PDP, 0.000000, 0.036569, 1.000000, 0, 1
5, 8, 3.000000, TABU, 2.000000, 3.535500, inf, 0, 1
5, 8, 3.000000, GA, 3.000000, 7.538300, inf, 0, 1
2, 8, 5.000000, BB_DP, 18.000000, 0.002654, 1.000000, 8, 1
2, 8, 5.000000, PDP, 18.000000, 0.000055, 1.000000, 0, 1
2, 8, 5.000000, TABU, 19.000000, 2.173300, 1.055556, 0, 1
2, 8, 5.000000, GA, 18.000000, 8.802800, 1.000000, 0, 1
2, 8, 5.000000, BB_DP, 12.000000, 0.002896, 1.000000, 190, 1
2, 8, 5.000000, PDP, 12.000000, 0.000041, 1.000000, 0, 1
2, 8, 5.000000, TABU, 12.000000, 2.153600, 1.000000, 0, 1
2, 8, 5.000000, GA, 12.000000, 6.337900, 1.000000, 0, 1
2, 8, 5.000000, BB_DP, 14.000000, 0.003766, 1.000000, 79, 1
2, 8, 5.000000, PDP, 14.000000, 0.000050, 1.000000, 0, 1
2, 8, 5.000000, TABU, 14.000000, 3.360600, 1.000000, 0, 1
2, 8, 5.000000, GA, 14.000000, 6.682000, 1.000000, 0, 1
2, 8, 5.000000, BB_DP, 3.000000, 0.003855, 1.000000, 10, 1
2, 8, 5.000000, PDP, 3.000000, 0.000059, 1.000000, 0, 1
2, 8, 5.000000, TABU, 3.000000, 3.495100, 1.000000, 0, 1
2, 8, 5.000000, GA, 3.000000, 7.120400, 1.000000, 0, 1
2, 8, 5.000000, BB_DP, 10.000000, 0.002473, 1.000000, 52, 1
2, 8, 5.000000, PDP, 10.000000, 0.000046, 1.000000, 0, 1
2, 8, 5.000000, TABU, 10.000000, 4.058300, 1.000000, 0, 1
2, 8, 5.000000, GA, 10.000000, 6.835700, 1.000000, 0, 1
3, 8, 5.000000, BB_DP, 4.000000, 0.005044, 1.000000, 19, 1
3, 8, 5.000000, PDP, 4.000000, 0.000719, 1.000000, 0, 1
3, 8, 5.000000, TABU, 4.000000, 3.871800, 1.000000, 0, 1
3, 8, 5.000000, GA, 5.000000, 9.490600, 1.250000, 0, 1
3, 8, 5.000000, BB_DP, 4.000000, 0.004223, 1.000000, 2, 1
3, 8, 5.000000, PDP, 4.000000, 0.000704, 1.000000, 0, 1
3, 8, 5.000000, TABU, 4.000000, 3.698500, 1.000000, 0, 1
3, 8, 5.000000, GA, 5.000000, 7.273200, 1.250000, 0, 1
3, 8, 5.000000, BB_DP, 13.000000, 0.005439, 1.000000, 128, 1
3, 8, 5.000000, PDP, 13.000000, 0.000830, 1.000000, 0, 1
3, 8, 5.000000, TABU, 13.000000, 2.872100, 1.000000, 0, 1
3, 8, 5.000000, GA, 14.000000, 7.216200, 1.076923, 0, 1
3, 8, 5.000000, BB_DP, 5.000000, 0.005379, 1.000000, 65, 1
3, 8, 5.000000, PDP, 5.000000, 0.000717, 1.000000, 0, 1
3, 8, 5.000000, TABU, 5.000000, 3.769300, 1.000000, 0, 1
3, 8, 5.000000, GA, 5.000000, 7.439000, 1.000000, 0, 1
3, 8, 5.000000, BB_DP, 6.000000, 0.003789, 1.000000, 102, 1
3, 8, 5.000000, PDP, 6.000000, 0.000713, 1.000000, 0, 1
3, 8, 5.000000, TABU, 7.000000, 2.608000, 1.166667, 0, 1
3, 8, 5.000000, GA, 6.000000, 11.528500, 1.000000, 0, 1
5, 8, 5.000000, BB_DP, 0.000000, 0.002408, 1.000000, 0, 1
5, 8, 5.000000, PDP, 0.000000, 0.038843, 1.000000, 0, 1
5, 8, 5.000000, TABU, 0.000000, 2.601000, 1.000000, 0, 1
5, 8, 5.000000, GA, 0.000000, 8.061300, 1.000000, 0, 1
5, 8, 5.000000, BB_DP, 0.000000, 0.002438, 1.000000, 0, 1
5, 8, 5.000000, PDP, 0.000000, 0.039812, 1.000000, 0, 1
5, 8, 5.000000, TABU, 0.000000, 3.931300, 1.000000, 0, 1
5, 8, 5.000000, GA, 0.000000, 7.431100, 1.000000, 0, 1
5, 8, 5.000000, BB_DP, 0.000000, 0.002305, 1.000000, 0, 1
5, 8, 5.000000, PDP, 0.000000, 0.037514, 1.000000, 0, 1
5, 8, 5.000000, TABU, 0.000000, 2.369800, 1.000000, 0, 1
5, 8, 5.000000, GA, 0.000000, 7.506400, 1.000000, 0, 1
5, 8, 5.000000, BB_DP, 0.000000, 0.002396, 1.000000, 0, 1
5, 8, 5.000000, PDP, 0.000000, 0.037722, 1.000000, 0, 1
5, 8, 5.000000, TABU, 0.000000, 2.466000, 1.000000, 0, 1
5, 8, 5.000000, GA, 0.000000, 7.864500, 1.000000, 0, 1
5, 8, 5.000000, BB_DP, 2.000000, 0.241632, 1.000000, 2877, 1
5, 8, 5.000000, PDP, 2.000000, 0.037444, 1.000000, 0, 1
5, 8, 5.000000, TABU, 2.000000, 2.516700, 1.000000, 0, 1
5, 8, 5.000000, GA, 2.000000, 8.029800, 1.000000, 0, 1
2, 8, 7.000000, BB_DP, 9.000000, 0.002538, 1.000000, 14, 1
2, 8, 7.000000, PDP, 9.000000, 0.000055, 1.000000, 0, 1
2, 8, 7.000000, TABU, 9.000000, 2.837900, 1.000000, 0, 1
2, 8, 7.000000, GA, 9.000000, 6.934000, 1.000000, 0, 1
2, 8, 7.000000, BB_DP, 16.000000, 0.003740, 1.000000, 8, 1
2, 8, 7.000000, PDP, 16.000000, 0.000066, 1.000000, 0, 1
2, 8, 7.000000, TABU, 16.000000, 2.485500, 1.000000, 0, 1
2, 8, 7.000000, GA, 17.000000, 7.015200, 1.062500, 0, 1
2, 8, 7.000000, BB_DP, 21.000000, 0.002467, 1.000000, 11, 1
2, 8, 7.000000, PDP, 21.000000, 0.000055, 1.000000, 0, 1
2, 8, 7.000000, TABU, 22.000000, 2.624900, 1.047619, 0, 1
2, 8, 7.000000, GA, 21.000000, 7.227500, 1.000000, 0, 1
2, 8, 7.000000, BB_DP, 15.000000, 0.002781, 1.000000, 9, 1
2, 8, 7.000000, PDP, 15.000000, 0.000068, 1.000000, 0, 1
2, 8, 7.000000, TABU, 15.000000, 3.574900, 1.000000, 0, 1
2, 8, 7.000000, GA, 15.000000, 6.579100, 1.000000, 0, 1
2, 8, 7.000000, BB_DP, 6.000000, 0.002480, 1.000000, 14, 1
2, 8, 7.000000, PDP, 6.000000, 0.000058, 1.000000, 0, 1
2, 8, 7.000000, TABU, 6.000000, 2.399100, 1.000000, 0, 1
2, 8, 7.000000, GA, 6.000000, 6.913400, 1.000000, 0, 1
3, 8, 7.000000, BB_DP, 14.000000, 0.004675, 1.000000, 14, 1
3, 8, 7.000000, PDP, 14.000000, 0.000723, 1.000000, 0, 1
3, 8, 7.000000, TABU, 14.000000, 3.993100, 1.000000, 0, 1
3, 8, 7.000000, GA, 14.000000, 7.220100, 1.000000, 0, 1
3, 8, 7.000000, BB_DP, 4.000000, 0.004095, 1.000000, 2, 1
3, 8, 7.000000, PDP, 4.000000, 0.000772, 1.000000, 0, 1
3, 8, 7.000000, TABU, 4.000000, 3.990600, 1.000000, 0, 1
3, 8, 7.000000, GA, 5.000000, 7.510800, 1.250000, 0, 1
3, 8, 7.000000, BB_DP, 7.000000, 0.004661, 1.000000, 42, 1
3, 8, 7.000000, PDP, 7.000000, 0.000744, 1.000000, 0, 1
3, 8, 7.000000, TABU, 9.000000, 2.544000, 1.285714, 0, 1
3, 8, 7.000000, GA, 10.000000, 7.668300, 1.428571, 0, 1
3, 8, 7.000000, BB_DP, 4.000000, 0.004663, 1.000000, 50, 1
3, 8, 7.000000, PDP, 4.000000, 0.000774, 1.000000, 0, 1
3, 8, 7.000000, TABU, 5.000000, 4.292800, 1.250000, 0, 1
3, 8, 7.000000, GA, 5.000000, 7.798200, 1.250000, 0, 1
3, 8, 7.000000, BB_DP, 4.000000, 0.004097, 1.000000, 0, 1
3, 8, 7.000000, PDP, 4.000000, 0.000758, 1.000000, 0, 1
3, 8, 7.000000, TABU, 4.000000, 3.860200, 1.000000, 0, 1
3, 8, 7.000000, GA, 4.000000, 8.716700, 1.000000, 0, 1
5, 8, 7.000000, BB_DP, 0.000000, 0.002598, 1.000000, 0, 1
5, 8, 7.000000, PDP, 0.000000, 0.039227, 1.000000, 0, 1
5, 8, 7.000000, TABU, 0.000000, 2.379600, 1.000000, 0, 1
5, 8, 7.000000, GA, 0.000000, 7.911800, 1.000000, 0, 1
5, 8, 7.000000, BB_DP, 0.000000, 0.002493, 1.000000, 0, 1
5, 8, 7.000000, PDP, 0.000000, 0.039675, 1.000000, 0, 1
5, 8, 7.000000, TABU, 0.000000, 2.577100, 1.000000, 0, 1
5, 8, 7.000000, GA, 0.000000, 8.012100, 1.000000, 0, 1
5, 8, 7.000000, BB_DP, 0.000000, 0.003566, 1.000000, 0, 1
5, 8, 7.000000, PDP, 0.000000, 0.039045, 1.000000, 0, 1
5, 8, 7.000000, TABU, 0.000000, 2.605000, 1.000000, 0, 1
5, 8, 7.000000, GA, 0.000000, 7.788400, 1.000000, 0, 1
5, 8, 7.000000, BB_DP, 0.000000, 0.002545, 1.000000, 0, 1
5, 8, 7.000000, PDP, 0.000000, 0.038792, 1.000000, 0, 1
5, 8, 7.000000, TABU, 0.000000, 2.972100, 1.000000, 0, 1
5, 8, 7.000000, GA, 0.000000, 8.561700, 1.000000, 0, 1
5, 8, 7.000000, BB_DP, 0.000000, 0.004113, 1.000000, 0, 1
5, 8, 7.000000, PDP, 0.000000, 0.039019, 1.000000, 0, 1
5, 8, 7.000000, TABU, 0.000000, 3.896300, 1.000000, 0, 1
5, 8, 7.000000, GA, 1.000000, 7.888700, inf, 0, 1
2, 9, 3.000000, BB_DP, 13.000000, 0.003925, 1.000000, 36, 1
2, 9, 3.000000, PDP, 13.000000, 0.000101, 1.000000, 0, 1
2, 9, 3.000000, TABU, 13.000000, 3.626800, 1.000000, 0, 1
2, 9, 3.000000, GA, 14.000000, 7.530800, 1.076923, 0, 1
2, 9, 3.000000, BB_DP, 6.000000, 0.004445, 1.000000, 142, 1
2, 9, 3.000000, PDP, 6.000000, 0.000091, 1.000000, 0, 1
2, 9, 3.000000, TABU, 6.000000, 3.696500, 1.000000, 0, 1
2, 9, 3.000000, GA, 6.000000, 7.918000, 1.000000, 0, 1
2, 9, 3.000000, BB_DP, 12.000000, 0.003510, 1.000000, 41, 1
2, 9, 3.000000, PDP, 12.000000, 0.000115, 1.000000, 0, 1
2, 9, 3.000000, TABU, 12.000000, 3.967400, 1.000000, 0, 1
2, 9, 3.000000, GA, 12.000000, 9.368100, 1.000000, 0, 1
2, 9, 3.000000, BB_DP, 18.000000, 0.004237, 1.000000, 22, 1
2, 9, 3.000000, PDP, 18.000000, 0.000101, 1.000000, 0, 1
2, 9, 3.000000, TABU, 18.000000, 4.363600, 1.000000, 0, 1
2, 9, 3.000000, GA, 18.000000, 8.101700, 1.000000, 0, 1
2, 9, 3.000000, BB_DP, 9.000000, 0.005483, 1.000000, 88, 1
2, 9, 3.000000, PDP, 9.000000, 0.000184, 1.000000, 0, 1
2, 9, 3.000000, TABU, 9.000000, 4.818000, 1.000000, 0, 1
2, 9, 3.000000, GA, 9.000000, 10.180900, 1.000000, 0, 1
3, 9, 3.000000, BB_DP, 4.000000, 0.011511, 1.000000, 610, 1
3, 9, 3.000000, PDP, 4.000000, 0.002996, 1.000000, 0, 1
3, 9, 3.000000, TABU, 5.000000, 5.102600, 1.250000, 0, 1
3, 9, 3.000000, GA, 4.000000, 11.121400, 1.000000, 0, 1
3, 9, 3.000000, BB_DP, 1.000000, 0.030915, 1.000000, 497, 1
3, 9, 3.000000, PDP, 1.000000, 0.002230, 1.000000, 0, 1
3, 9, 3.000000, TABU, 3.000000, 3.826200, 3.000000, 0, 1
3, 9, 3.000000, GA, 4.000000, 8.438900, 4.000000, 0, 1
3, 9, 3.000000, BB_DP, 1.000000, 0.007804, 1.000000, 763, 1
3, 9, 3.000000, PDP, 1.000000, 0.002431, 1.000000, 0, 1
3, 9, 3.000000, TABU, 2.000000, 2.637000, 2.000000, 0, 1
3, 9, 3.000000, GA, 2.000000, 8.495900, 2.000000, 0, 1
3, 9, 3.000000, BB_DP, 5.000000, 0.006785, 1.000000, 195, 1
3, 9, 3.000000, PDP, 5.000000, 0.002350, 1.000000, 0, 1
3, 9, 3.000000, TABU, 5.000000, 4.156000, 1.000000, 0, 1
3, 9, 3.000000, GA, 6.000000, 8.658800, 1.200000, 0, 1
3, 9, 3.000000, BB_DP, 2.000000, 0.007680, 1.000000, 57, 1
3, 9, 3.000000, PDP, 2.000000, 0.002655, 1.000000, 0, 1
3, 9, 3.000000, TABU, 2.000000, 4.073500, 1.000000, 0, 1
3, 9, 3.000000, GA, 2.000000, 8.627100, 1.000000, 0, 1
5, 9, 3.000000, BB_DP, 0.000000, 0.002489, 1.000000, 0, 1
5, 9, 3.000000, PDP, 0.000000, 0.207008, 1.000000, 0, 1
5, 9, 3.000000, TABU, 0.000000, 3.973100, 1.000000, 0, 1
5, 9, 3.000000, GA, 1.000000, 8.108900, inf, 0, 1
5, 9, 3.000000, BB_DP, 0.000000, 0.002353, 1.000000, 0, 1
5, 9, 3.000000, PDP, 0.000000, 0.192846, 1.000000, 0, 1
5, 9, 3.000000, TABU, 0.000000, 2.912700, 1.000000, 0, 1
5, 9, 3.000000, GA, 0.000000, 7.523100, 1.000000, 0, 1
5, 9, 3.000000, BB_DP, 0.000000, 0.183140, 1.000000, 2237, 1
5, 9, 3.000000, PDP, 0.000000, 0.191566, 1.000000, 0, 1
5, 9, 3.000000, TABU, 2.000000, 2.352300, inf, 0, 1
5, 9, 3.000000, GA, 3.000000, 7.338200, inf, 0, 1
5, 9, 3.000000, BB_DP, 0.000000, 0.002887, 1.000000, 0, 1
5, 9, 3.000000, PDP, 0.000000, 0.189560, 1.000000, 0, 1
5, 9, 3.000000, TABU, 3.000000, 2.573000, inf, 0, 1
5, 9, 3.000000, GA, 3.000000, 7.814200, inf, 0, 1
5, 9, 3.000000, BB_DP, 0.000000, 0.002526, 1.000000, 0, 1
5, 9, 3.000000, PDP, 0.000000, 0.184204, 1.000000, 0, 1
5, 9, 3.000000, TABU, 0.000000, 2.536700, 1.000000, 0, 1
5, 9, 3.000000, GA, 0.000000, 7.608700, 1.000000, 0, 1
2, 9, 5.000000, BB_DP, 14.000000, 0.002321, 1.000000, 26, 1
2, 9, 5.000000, PDP, 14.000000, 0.000081, 1.000000, 0, 1
2, 9, 5.000000, TABU, 14.000000, 2.124900, 1.000000, 0, 1
2, 9, 5.000000, GA, 14.000000, 6.675300, 1.000000, 0, 1
2, 9, 5.000000, BB_DP, 17.000000, 0.002617, 1.000000, 14, 1
2, 9, 5.000000, PDP, 17.000000, 0.000082, 1.000000, 0, 1
2, 9, 5.000000, TABU, 17.000000, 2.170700, 1.000000, 0, 1
2, 9, 5.000000, GA, 17.000000, 7.024700, 1.000000, 0, 1
2, 9, 5.000000, BB_DP, 17.000000, 0.002594, 1.000000, 31, 1
2, 9, 5.000000, PDP, 17.000000, 0.000103, 1.000000, 0, 1
2, 9, 5.000000, TABU, 19.000000, 2.619900, 1.117647, 0, 1
2, 9, 5.000000, GA, 17.000000, 7.651200, 1.000000, 0, 1
2, 9, 5.000000, BB_DP, 18.000000, 0.004084, 1.000000, 12, 1
2, 9, 5.000000, PDP, 18.000000, 0.000107, 1.000000, 0, 1
2, 9, 5.000000, TABU, 18.000000, 3.041400, 1.000000, 0, 1
2, 9, 5.000000, GA, 18.000000, 7.304700, 1.000000, 0, 1
2, 9, 5.000000, BB_DP, 9.000000, 0.002278, 1.000000, 26, 1
2, 9, 5.000000, PDP, 9.000000, 0.000084, 1.000000, 0, 1
2, 9, 5.000000, TABU, 9.000000, 2.227800, 1.000000, 0, 1
2, 9, 5.000000, GA, 9.000000, 6.431000, 1.000000, 0, 1
3, 9, 5.000000, BB_DP, 1.000000, 0.006104, 1.000000, 60, 1
3, 9, 5.000000, PDP, 1.000000, 0.002067, 1.000000, 0, 1
3, 9, 5.000000, TABU, 2.000000, 3.830900, 2.000000, 0, 1
3, 9, 5.000000, GA, 3.000000, 11.035000, 3.000000, 0, 1
3, 9, 5.000000, BB_DP, 9.000000, 0.010597, 1.000000, 65, 1
3, 9, 5.000000, PDP, 9.000000, 0.002402, 1.000000, 0, 1
3, 9, 5.000000, TABU, 9.000000, 4.099600, 1.000000, 0, 1
3, 9, 5.000000, GA, 9.000000, 9.033200, 1.000000, 0, 1
3, 9, 5.000000, BB_DP, 3.000000, 0.003465, 1.000000, 3, 1
3, 9, 5.000000, PDP, 3.000000, 0.002563, 1.000000, 0, 1
3, 9, 5.000000, TABU, 3.000000, 6.510000, 1.000000, 0, 1
3, 9, 5.000000, GA, 3.000000, 8.374700, 1.000000, 0, 1
3, 9, 5.000000, BB_DP, 4.000000, 0.007020, 1.000000, 89, 1
3, 9, 5.000000, PDP, 4.000000, 0.002404, 1.000000, 0, 1
3, 9, 5.000000, TABU, 6.000000, 3.085700, 1.500000, 0, 1
3, 9, 5.000000, GA, 4.000000, 8.499200, 1.000000, 0, 1
3, 9, 5.000000, BB_DP, 4.000000, 0.006135, 1.000000, 105, 1
3, 9, 5.000000, PDP, 4.000000, 0.002094, 1.000000, 0, 1
3, 9, 5.000000, TABU, 4.000000, 4.082900, 1.000000, 0, 1
3, 9, 5.000000, GA, 4.000000, 7.315500, 1.000000, 0, 1
5, 9, 5.000000, BB_DP, 0.000000, 0.215454, 1.000000, 3063, 1
5, 9, 5.000000, PDP, 0.000000, 0.190102, 1.000000, 0, 1
5, 9, 5.000000, TABU, 1.000000, 3.573300, inf, 0, 1
5, 9, 5.000000, GA, 4.000000, 7.306600, inf, 0, 1
5, 9, 5.000000, BB_DP, 0.000000, 0.181191, 1.000000, 2495, 1
5, 9, 5.000000, PDP, 0.000000, 0.218963, 1.000000, 0, 1
5, 9, 5.000000, TABU, 1.000000, 3.987900, inf, 0, 1
5, 9, 5.000000, GA, 0.000000, 8.157300, 1.000000, 0, 1
5, 9, 5.000000, BB_DP, 0.000000, 0.002385, 1.000000, 0, 1
5, 9, 5.000000, PDP, 0.000000, 0.200378, 1.000000, 0, 1
5, 9, 5.000000, TABU, 0.000000, 2.411300, 1.000000, 0, 1
5, 9, 5.000000, GA, 0.000000, 7.716700, 1.000000, 0, 1
5, 9, 5.000000, BB_DP, 0.000000, 0.251847, 1.000000, 4657, 1
5, 9, 5.000000, PDP, 0.000000, 0.190159, 1.000000, 0, 1
5, 9, 5.000000, TABU, 1.000000, 2.285000, inf, 0, 1
5, 9, 5.000000, GA, 0.000000, 7.577900, 1.000000, 0, 1
5, 9, 5.000000, BB_DP, 0.000000, 0.283818, 1.000000, 2154, 1
5, 9, 5.000000, PDP, 0.000000, 0.191416, 1.000000, 0, 1
5, 9, 5.000000, TABU, 1.000000, 3.769600, inf, 0, 1
5, 9, 5.000000, GA, 2.000000, 7.748400, inf, 0, 1
2, 9, 7.000000, BB_DP, 30.000000, 0.004145, 1.000000, 34, 1
2, 9, 7.000000, PDP, 30.000000, 0.000122, 1.000000, 0, 1
2, 9, 7.000000, TABU, 31.000000, 2.559900, 1.033333, 0, 1
2, 9, 7.000000, GA, 30.000000, 7.134500, 1.000000, 0, 1
2, 9, 7.000000, BB_DP, 13.000000, 0.003289, 1.000000, 58, 1
2, 9, 7.000000, PDP, 13.000000, 0.000094, 1.000000, 0, 1
2, 9, 7.000000, TABU, 13.000000, 3.069500, 1.000000, 0, 1
2, 9, 7.000000, GA, 13.000000, 7.368300, 1.000000, 0, 1
2, 9, 7.000000, BB_DP, 12.000000, 0.002505, 1.000000, 12, 1
2, 9, 7.000000, PDP, 12.000000, 0.000099, 1.000000, 0, 1
2, 9, 7.000000, TABU, 12.000000, 3.920800, 1.000000, 0, 1
2, 9, 7.000000, GA, 12.000000, 6.900400, 1.000000, 0, 1
2, 9, 7.000000, BB_DP, 9.000000, 0.002283, 1.000000, 20, 1
2, 9, 7.000000, PDP, 9.000000, 0.000106, 1.000000, 0, 1
2, 9, 7.000000, TABU, 9.000000, 3.506600, 1.000000, 0, 1
2, 9, 7.000000, GA, 9.000000, 6.959300, 1.000000, 0, 1
2, 9, 7.000000, BB_DP, 25.000000, 0.002357, 1.000000, 18, 1
2, 9, 7.000000, PDP, 25.000000, 0.000079, 1.000000, 0, 1
2, 9, 7.000000, TABU, 25.000000, 2.203500, 1.000000, 0, 1
2, 9, 7.000000, GA, 25.000000, 6.848600, 1.000000, 0, 1
3, 9, 7.000000, BB_DP, 10.000000, 0.004495, 1.000000, 3, 1
3, 9, 7.000000, PDP, 10.000000, 0.002095, 1.000000, 0, 1
3, 9, 7.000000, TABU, 10.000000, 3.783600, 1.000000, 0, 1
3, 9, 7.000000, GA, 10.000000, 8.055100, 1.000000, 0, 1
3, 9, 7.000000, BB_DP, 10.000000, 0.007376, 1.000000, 491, 1
3, 9, 7.000000, PDP, 10.000000, 0.002141, 1.000000, 0, 1
3, 9, 7.000000, TABU, 12.000000, 2.351500, 1.200000, 0, 1
3, 9, 7.000000, GA, 10.000000, 7.781600, 1.000000, 0, 1
3, 9, 7.000000, BB_DP, 5.000000, 0.004829, 1.000000, 93, 1
3, 9, 7.000000, PDP, 5.000000, 0.002132, 1.000000, 0, 1
3, 9, 7.000000, TABU, 5.000000, 3.739200, 1.000000, 0, 1
3, 9, 7.000000, GA, 5.000000, 7.346100, 1.000000, 0, 1
3, 9, 7.000000, BB_DP, 8.000000, 0.004719, 1.000000, 87, 1
3, 9, 7.000000, PDP, 8.000000, 0.002096, 1.000000, 0, 1
3, 9, 7.000000, TABU, 8.000000, 3.846300, 1.000000, 0, 1
3, 9, 7.000000, GA, 8.000000, 7.263100, 1.000000, 0, 1
3, 9, 7.000000, BB_DP, 8.000000, 0.003951, 1.000000, 0, 1
3, 9, 7.000000, PDP, 8.000000, 0.002089, 1.000000, 0, 1
3, 9, 7.000000, TABU, 8.000000, 3.869200, 1.000000, 0, 1
3, 9, 7.000000, GA, 8.000000, 7.440900, 1.000000, 0, 1
5, 9, 7.000000, BB_DP, 0.000000, 0.395751, 1.000000, 8028, 1
5, 9, 7.000000, PDP, 0.000000, 0.190468, 1.000000, 0, 1
5, 9, 7.000000, TABU, 1.000000, 2.304400, inf, 0, 1
5, 9, 7.000000, GA, 1.000000, 7.755500, inf, 0, 1
5, 9, 7.000000, BB_DP, 0.000000, 0.003941, 1.000000, 0, 1
5, 9, 7.000000, PDP, 0.000000, 0.198124, 1.000000, 0, 1
5, 9, 7.000000, TABU, 0.000000, 4.085800, 1.000000, 0, 1
5, 9, 7.000000, GA, 0.000000, 7.694800, 1.000000, 0, 1
5, 9, 7.000000, BB_DP, 0.000000, 0.002625, 1.000000, 0, 1
5, 9, 7.000000, PDP, 0.000000, 0.191233, 1.000000, 0, 1
5, 9, 7.000000, TABU, 0.000000, 3.842300, 1.000000, 0, 1
5, 9, 7.000000, GA, 2.000000, 7.562400, inf, 0, 1
5, 9, 7.000000, BB_DP, 0.000000, 0.003589, 1.000000, 0, 1
5, 9, 7.000000, PDP, 0.000000, 0.183880, 1.000000, 0, 1
5, 9, 7.000000, TABU, 0.000000, 3.578800, 1.000000, 0, 1
5, 9, 7.000000, GA, 0.000000, 7.796000, 1.000000, 0, 1
5, 9, 7.000000, BB_DP, 0.000000, 0.205635, 1.000000, 2549, 1
5, 9, 7.000000, PDP, 0.000000, 0.192839, 1.000000, 0, 1
5, 9, 7.000000, TABU, 1.000000, 2.358300, inf, 0, 1
5, 9, 7.000000, GA, 1.000000, 7.667700, inf, 0, 1
