M, N, B, Name, Time, OPT_Rate, Nodes,Timeout
5, 9, 3.0000, BB_DP, 3.1343, 1.0000, 7522,1
5, 9, 3.0000, PDP, 0.3261, 1.0000, 0,1
5, 9, 3.0000, TABU, 5.7018, inf, 0,1
5, 9, 3.0000, GA, 17.2819, inf, 0,1
5, 9, 3.0000, BB_DP, 0.0068, 1.0000, 0,1
5, 9, 3.0000, PDP, 0.3926, 1.0000, 0,1
5, 9, 3.0000, TABU, 6.6416, 1.0000, 0,1
5, 9, 3.0000, GA, 16.7395, 1.0000, 0,1
5, 9, 3.0000, BB_DP, 1.8304, 1.0000, 12409,1
5, 9, 3.0000, PDP, 0.1816, 1.0000, 0,1
5, 9, 3.0000, TABU, 3.4208, inf, 0,1
5, 9, 3.0000, GA, 7.3395, inf, 0,1
5, 9, 3.0000, BB_DP, 0.0023, 1.0000, 0,1
5, 9, 3.0000, PDP, 0.1754, 1.0000, 0,1
5, 9, 3.0000, TABU, 3.2917, 1.0000, 0,1
5, 9, 3.0000, GA, 7.4698, 1.0000, 0,1
5, 9, 3.0000, BB_DP, 0.3082, 1.0000, 7125,1
5, 9, 3.0000, PDP, 0.1775, 1.0000, 0,1
5, 9, 3.0000, TABU, 2.1407, inf, 0,1
5, 9, 3.0000, GA, 7.0875, inf, 0,1
5, 9, 3.0000, BB_DP, 0.3869, 1.0000, 3462,1
5, 9, 3.0000, PDP, 0.1699, 1.0000, 0,1
5, 9, 3.0000, TABU, 3.2518, 1.0000, 0,1
5, 9, 3.0000, GA, 6.7811, inf, 0,1
5, 9, 3.0000, BB_DP, 0.0037, 1.0000, 0,1
5, 9, 3.0000, PDP, 0.2255, 1.0000, 0,1
5, 9, 3.0000, TABU, 3.2316, 1.0000, 0,1
5, 9, 3.0000, GA, 7.6727, inf, 0,1
5, 9, 3.0000, BB_DP, 0.8655, 1.0000, 17423,1
5, 9, 3.0000, PDP, 0.2708, 1.0000, 0,1
5, 9, 3.0000, TABU, 3.0530, 2.0000, 0,1
5, 9, 3.0000, GA, 11.8866, 2.0000, 0,1
5, 9, 3.0000, BB_DP, 0.0051, 1.0000, 0,1
5, 9, 3.0000, PDP, 0.2747, 1.0000, 0,1
5, 9, 3.0000, TABU, 6.7986, 1.0000, 0,1
5, 9, 3.0000, GA, 10.6543, inf, 0,1
5, 9, 3.0000, BB_DP, 0.6938, 1.0000, 6295,1
5, 9, 3.0000, PDP, 0.2503, 1.0000, 0,1
5, 9, 3.0000, TABU, 5.4478, inf, 0,1
5, 9, 3.0000, GA, 15.2938, inf, 0,1
5, 9, 3.0000, BB_DP, 0.5103, 1.0000, 2251,1
5, 9, 3.0000, PDP, 0.2387, 1.0000, 0,1
5, 9, 3.0000, TABU, 4.7352, 1.0000, 0,1
5, 9, 3.0000, GA, 16.1898, 3.0000, 0,1
5, 9, 3.0000, BB_DP, 0.0031, 1.0000, 0,1
5, 9, 3.0000, PDP, 0.2397, 1.0000, 0,1
5, 9, 3.0000, TABU, 3.1675, 1.0000, 0,1
5, 9, 3.0000, GA, 13.2094, 1.0000, 0,1
5, 9, 3.0000, BB_DP, 0.0033, 1.0000, 0,1
5, 9, 3.0000, PDP, 0.2397, 1.0000, 0,1
5, 9, 3.0000, TABU, 5.5436, 1.0000, 0,1
5, 9, 3.0000, GA, 10.5129, 1.0000, 0,1
5, 9, 3.0000, BB_DP, 0.0046, 1.0000, 0,1
5, 9, 3.0000, PDP, 0.2486, 1.0000, 0,1
5, 9, 3.0000, TABU, 6.6398, 1.0000, 0,1
5, 9, 3.0000, GA, 10.1459, 1.0000, 0,1
5, 9, 3.0000, BB_DP, 0.0050, 1.0000, 0,1
5, 9, 3.0000, PDP, 0.2546, 1.0000, 0,1
5, 9, 3.0000, TABU, 5.5130, inf, 0,1
5, 9, 3.0000, GA, 10.2076, inf, 0,1
5, 9, 3.0000, BB_DP, 2.7659, 1.0000, 27722,1
5, 9, 3.0000, PDP, 0.2649, 1.0000, 0,1
5, 9, 3.0000, TABU, 3.2899, inf, 0,1
5, 9, 3.0000, GA, 11.6021, inf, 0,1
5, 9, 3.0000, BB_DP, 0.2475, 1.0000, 1191,1
5, 9, 3.0000, PDP, 0.2535, 1.0000, 0,1
5, 9, 3.0000, TABU, 3.6908, inf, 0,1
5, 9, 3.0000, GA, 9.9211, inf, 0,1
5, 9, 3.0000, BB_DP, 0.0040, 1.0000, 0,1
5, 9, 3.0000, PDP, 0.2805, 1.0000, 0,1
5, 9, 3.0000, TABU, 5.8142, 1.0000, 0,1
5, 9, 3.0000, GA, 11.0415, 1.0000, 0,1
5, 9, 3.0000, BB_DP, 0.0050, 1.0000, 0,1
5, 9, 3.0000, PDP, 0.2715, 1.0000, 0,1
5, 9, 3.0000, TABU, 5.0711, 1.0000, 0,1
5, 9, 3.0000, GA, 14.5506, 1.0000, 0,1
5, 9, 3.0000, BB_DP, 0.8419, 1.0000, 4653,1
5, 9, 3.0000, PDP, 0.2566, 1.0000, 0,1
5, 9, 3.0000, TABU, 3.4626, inf, 0,1
5, 9, 3.0000, GA, 10.9478, inf, 0,1
5, 9, 5.0000, BB_DP, 0.3382, 1.0000, 1923,1
5, 9, 5.0000, PDP, 0.3211, 1.0000, 0,1
5, 9, 5.0000, TABU, 10.3610, inf, 0,1
5, 9, 5.0000, GA, 18.7538, inf, 0,1
5, 9, 5.0000, BB_DP, 0.0036, 1.0000, 0,1
5, 9, 5.0000, PDP, 0.3175, 1.0000, 0,1
5, 9, 5.0000, TABU, 6.6194, 1.0000, 0,1
5, 9, 5.0000, GA, 17.1953, 1.0000, 0,1
5, 9, 5.0000, BB_DP, 0.0051, 1.0000, 0,1
5, 9, 5.0000, PDP, 0.3511, 1.0000, 0,1
5, 9, 5.0000, TABU, 4.5431, 1.0000, 0,1
5, 9, 5.0000, GA, 22.0282, 1.0000, 0,1
5, 9, 5.0000, BB_DP, 1.3051, 1.0000, 6402,1
5, 9, 5.0000, PDP, 0.2655, 1.0000, 0,1
5, 9, 5.0000, TABU, 2.8766, inf, 0,1
5, 9, 5.0000, GA, 9.4472, inf, 0,1
5, 9, 5.0000, BB_DP, 0.0030, 1.0000, 0,1
5, 9, 5.0000, PDP, 0.2188, 1.0000, 0,1
5, 9, 5.0000, TABU, 2.9769, 1.0000, 0,1
5, 9, 5.0000, GA, 9.8093, 1.0000, 0,1
5, 9, 5.0000, BB_DP, 0.0042, 1.0000, 0,1
5, 9, 5.0000, PDP, 0.1975, 1.0000, 0,1
5, 9, 5.0000, TABU, 3.1423, 1.0000, 0,1
5, 9, 5.0000, GA, 8.8954, inf, 0,1
5, 9, 5.0000, BB_DP, 0.0024, 1.0000, 0,1
5, 9, 5.0000, PDP, 0.1917, 1.0000, 0,1
5, 9, 5.0000, TABU, 2.6100, 1.0000, 0,1
5, 9, 5.0000, GA, 8.2328, 1.0000, 0,1
5, 9, 5.0000, BB_DP, 0.0037, 1.0000, 0,1
5, 9, 5.0000, PDP, 0.1898, 1.0000, 0,1
5, 9, 5.0000, TABU, 3.5950, 1.0000, 0,1
5, 9, 5.0000, GA, 8.0459, inf, 0,1
5, 9, 5.0000, BB_DP, 0.0023, 1.0000, 0,1
5, 9, 5.0000, PDP, 0.1834, 1.0000, 0,1
5, 9, 5.0000, TABU, 4.1722, 1.0000, 0,1
5, 9, 5.0000, GA, 8.0049, 1.0000, 0,1
5, 9, 5.0000, BB_DP, 0.0022, 1.0000, 0,1
5, 9, 5.0000, PDP, 0.1819, 1.0000, 0,1
5, 9, 5.0000, TABU, 4.8634, 1.0000, 0,1
5, 9, 5.0000, GA, 7.5275, 1.0000, 0,1
5, 9, 5.0000, BB_DP, 0.6103, 1.0000, 7572,1
5, 9, 5.0000, PDP, 0.1858, 1.0000, 0,1
5, 9, 5.0000, TABU, 3.9921, 1.5000, 0,1
5, 9, 5.0000, GA, 7.2039, 2.0000, 0,1
5, 9, 5.0000, BB_DP, 0.0023, 1.0000, 0,1
5, 9, 5.0000, PDP, 0.1838, 1.0000, 0,1
5, 9, 5.0000, TABU, 2.2725, 1.0000, 0,1
5, 9, 5.0000, GA, 8.4046, 1.0000, 0,1
5, 9, 5.0000, BB_DP, 0.0022, 1.0000, 0,1
5, 9, 5.0000, PDP, 0.1831, 1.0000, 0,1
5, 9, 5.0000, TABU, 2.2280, 1.0000, 0,1
5, 9, 5.0000, GA, 7.2300, 1.0000, 0,1
5, 9, 5.0000, BB_DP, 0.0022, 1.0000, 0,1
5, 9, 5.0000, PDP, 0.1793, 1.0000, 0,1
5, 9, 5.0000, TABU, 2.1828, 1.0000, 0,1
5, 9, 5.0000, GA, 8.3622, 1.0000, 0,1
5, 9, 5.0000, BB_DP, 0.5449, 1.0000, 6144,1
5, 9, 5.0000, PDP, 0.1828, 1.0000, 0,1
5, 9, 5.0000, TABU, 3.9279, inf, 0,1
5, 9, 5.0000, GA, 7.3759, inf, 0,1
5, 9, 5.0000, BB_DP, 0.0030, 1.0000, 0,1
5, 9, 5.0000, PDP, 0.1828, 1.0000, 0,1
5, 9, 5.0000, TABU, 3.0669, 1.0000, 0,1
5, 9, 5.0000, GA, 7.3262, inf, 0,1
5, 9, 5.0000, BB_DP, 0.0055, 1.0000, 0,1
5, 9, 5.0000, PDP, 0.1924, 1.0000, 0,1
5, 9, 5.0000, TABU, 2.3925, inf, 0,1
5, 9, 5.0000, GA, 10.2206, inf, 0,1
5, 9, 5.0000, BB_DP, 0.1134, 1.0000, 737,1
5, 9, 5.0000, PDP, 0.1787, 1.0000, 0,1
5, 9, 5.0000, TABU, 3.6017, 1.0000, 0,1
5, 9, 5.0000, GA, 6.9654, inf, 0,1
5, 9, 5.0000, BB_DP, 0.0039, 1.0000, 0,1
5, 9, 5.0000, PDP, 0.2103, 1.0000, 0,1
5, 9, 5.0000, TABU, 2.3864, 1.0000, 0,1
5, 9, 5.0000, GA, 7.5439, 1.0000, 0,1
5, 9, 5.0000, BB_DP, 0.2880, 1.0000, 2865,1
5, 9, 5.0000, PDP, 0.2338, 1.0000, 0,1
5, 9, 5.0000, TABU, 4.6050, 2.0000, 0,1
5, 9, 5.0000, GA, 10.2799, 8.0000, 0,1
5, 9, 7.0000, BB_DP, 0.4630, 1.0000, 7948,1
5, 9, 7.0000, PDP, 0.2126, 1.0000, 0,1
5, 9, 7.0000, TABU, 2.5600, inf, 0,1
5, 9, 7.0000, GA, 8.6087, inf, 0,1
5, 9, 7.0000, BB_DP, 0.0042, 1.0000, 0,1
5, 9, 7.0000, PDP, 0.2051, 1.0000, 0,1
5, 9, 7.0000, TABU, 4.1968, 1.0000, 0,1
5, 9, 7.0000, GA, 9.0630, 1.0000, 0,1
5, 9, 7.0000, BB_DP, 0.1172, 1.0000, 1571,1
5, 9, 7.0000, PDP, 0.2010, 1.0000, 0,1
5, 9, 7.0000, TABU, 2.6157, 1.0000, 0,1
5, 9, 7.0000, GA, 8.4038, 2.0000, 0,1
5, 9, 7.0000, BB_DP, 0.0038, 1.0000, 0,1
5, 9, 7.0000, PDP, 0.2019, 1.0000, 0,1
5, 9, 7.0000, TABU, 3.6686, inf, 0,1
5, 9, 7.0000, GA, 10.5494, inf, 0,1
5, 9, 7.0000, BB_DP, 0.0030, 1.0000, 0,1
5, 9, 7.0000, PDP, 0.2028, 1.0000, 0,1
5, 9, 7.0000, TABU, 3.2717, 1.0000, 0,1
5, 9, 7.0000, GA, 10.0766, 1.0000, 0,1
5, 9, 7.0000, BB_DP, 0.7018, 1.0000, 13555,1
5, 9, 7.0000, PDP, 0.2083, 1.0000, 0,1
5, 9, 7.0000, TABU, 5.5031, inf, 0,1
5, 9, 7.0000, GA, 11.7231, inf, 0,1
5, 9, 7.0000, BB_DP, 0.0035, 1.0000, 0,1
5, 9, 7.0000, PDP, 0.1990, 1.0000, 0,1
5, 9, 7.0000, TABU, 3.1417, 1.0000, 0,1
5, 9, 7.0000, GA, 12.7276, 1.0000, 0,1
5, 9, 7.0000, BB_DP, 0.0023, 1.0000, 0,1
5, 9, 7.0000, PDP, 0.1985, 1.0000, 0,1
5, 9, 7.0000, TABU, 2.4682, 1.0000, 0,1
5, 9, 7.0000, GA, 7.7683, 1.0000, 0,1
5, 9, 7.0000, BB_DP, 0.0035, 1.0000, 0,1
5, 9, 7.0000, PDP, 0.2027, 1.0000, 0,1
5, 9, 7.0000, TABU, 2.5384, 1.0000, 0,1
5, 9, 7.0000, GA, 8.5210, 1.0000, 0,1
5, 9, 7.0000, BB_DP, 0.0042, 1.0000, 0,1
5, 9, 7.0000, PDP, 0.1944, 1.0000, 0,1
5, 9, 7.0000, TABU, 4.9529, 1.0000, 0,1
5, 9, 7.0000, GA, 8.6113, 1.0000, 0,1
5, 9, 7.0000, BB_DP, 0.7638, 1.0000, 6509,1
5, 9, 7.0000, PDP, 0.1990, 1.0000, 0,1
5, 9, 7.0000, TABU, 2.8155, inf, 0,1
5, 9, 7.0000, GA, 8.0354, inf, 0,1
5, 9, 7.0000, BB_DP, 0.4704, 1.0000, 7583,1
5, 9, 7.0000, PDP, 0.1963, 1.0000, 0,1
5, 9, 7.0000, TABU, 3.9717, inf, 0,1
5, 9, 7.0000, GA, 8.8160, inf, 0,1
5, 9, 7.0000, BB_DP, 0.0039, 1.0000, 0,1
5, 9, 7.0000, PDP, 0.1994, 1.0000, 0,1
5, 9, 7.0000, TABU, 4.3396, 1.0000, 0,1
5, 9, 7.0000, GA, 8.6379, 1.0000, 0,1
5, 9, 7.0000, BB_DP, 0.5840, 1.0000, 5858,1
5, 9, 7.0000, PDP, 0.1968, 1.0000, 0,1
5, 9, 7.0000, TABU, 2.5633, inf, 0,1
5, 9, 7.0000, GA, 7.6814, inf, 0,1
5, 9, 7.0000, BB_DP, 0.4017, 1.0000, 4949,1
5, 9, 7.0000, PDP, 0.1977, 1.0000, 0,1
5, 9, 7.0000, TABU, 2.7787, inf, 0,1
5, 9, 7.0000, GA, 8.1734, inf, 0,1
5, 9, 7.0000, BB_DP, 0.0036, 1.0000, 0,1
5, 9, 7.0000, PDP, 0.1998, 1.0000, 0,1
5, 9, 7.0000, TABU, 3.1135, 1.0000, 0,1
5, 9, 7.0000, GA, 7.5557, 1.0000, 0,1
5, 9, 7.0000, BB_DP, 0.0024, 1.0000, 0,1
5, 9, 7.0000, PDP, 0.1963, 1.0000, 0,1
5, 9, 7.0000, TABU, 2.6223, 1.0000, 0,1
5, 9, 7.0000, GA, 7.6135, 1.0000, 0,1
5, 9, 7.0000, BB_DP, 0.0025, 1.0000, 0,1
5, 9, 7.0000, PDP, 0.1973, 1.0000, 0,1
5, 9, 7.0000, TABU, 2.7724, 1.0000, 0,1
5, 9, 7.0000, GA, 9.7497, 1.0000, 0,1
5, 9, 7.0000, BB_DP, 0.8308, 1.0000, 13931,1
5, 9, 7.0000, PDP, 0.2357, 1.0000, 0,1
5, 9, 7.0000, TABU, 4.5045, inf, 0,1
5, 9, 7.0000, GA, 8.6870, inf, 0,1
5, 9, 7.0000, BB_DP, 0.0024, 1.0000, 0,1
5, 9, 7.0000, PDP, 0.2039, 1.0000, 0,1
5, 9, 7.0000, TABU, 2.5683, 1.0000, 0,1
5, 9, 7.0000, GA, 7.7413, 1.0000, 0,1
5, 10, 3.0000, BB_DP, 0.0060, 1.0000, 0,1
5, 10, 3.0000, PDP, 1.1088, 1.0000, 0,1
5, 10, 3.0000, TABU, 5.5926, 1.0000, 0,1
5, 10, 3.0000, GA, 9.5883, 1.0000, 0,1
5, 10, 3.0000, BB_DP, 0.0037, 1.0000, 0,1
5, 10, 3.0000, PDP, 0.9469, 1.0000, 0,1
5, 10, 3.0000, TABU, 2.5054, 1.0000, 0,1
5, 10, 3.0000, GA, 7.4465, 1.0000, 0,1
5, 10, 3.0000, BB_DP, 0.1861, 1.0000, 2396,1
5, 10, 3.0000, PDP, 0.9431, 1.0000, 0,1
5, 10, 3.0000, TABU, 2.4419, inf, 0,1
5, 10, 3.0000, GA, 7.5122, inf, 0,1
5, 10, 3.0000, BB_DP, 0.0024, 1.0000, 0,1
5, 10, 3.0000, PDP, 0.9167, 1.0000, 0,1
5, 10, 3.0000, TABU, 2.2461, 1.0000, 0,1
5, 10, 3.0000, GA, 6.8106, 1.0000, 0,1
5, 10, 3.0000, BB_DP, 1.1244, 1.0000, 8694,1
5, 10, 3.0000, PDP, 0.9243, 1.0000, 0,1
5, 10, 3.0000, TABU, 3.6633, inf, 0,1
5, 10, 3.0000, GA, 8.3386, inf, 0,1
5, 10, 3.0000, BB_DP, 0.0036, 1.0000, 0,1
5, 10, 3.0000, PDP, 0.8877, 1.0000, 0,1
5, 10, 3.0000, TABU, 3.6790, 1.0000, 0,1
5, 10, 3.0000, GA, 6.8172, 1.0000, 0,1
5, 10, 3.0000, BB_DP, 0.0035, 1.0000, 0,1
5, 10, 3.0000, PDP, 0.9121, 1.0000, 0,1
5, 10, 3.0000, TABU, 4.5012, inf, 0,1
5, 10, 3.0000, GA, 9.5269, 1.0000, 0,1
5, 10, 3.0000, BB_DP, 0.0030, 1.0000, 0,1
5, 10, 3.0000, PDP, 1.3325, 1.0000, 0,1
5, 10, 3.0000, TABU, 3.2866, 1.0000, 0,1
5, 10, 3.0000, GA, 9.8048, 1.0000, 0,1
5, 10, 3.0000, BB_DP, 3.0874, 1.0000, 40578,1
5, 10, 3.0000, PDP, 0.9437, 1.0000, 0,1
5, 10, 3.0000, TABU, 3.3813, inf, 0,1
5, 10, 3.0000, GA, 11.5473, inf, 0,1
5, 10, 3.0000, BB_DP, 0.0020, 1.0000, 0,1
5, 10, 3.0000, PDP, 0.9053, 1.0000, 0,1
5, 10, 3.0000, TABU, 2.1500, 1.0000, 0,1
5, 10, 3.0000, GA, 6.7837, 1.0000, 0,1
5, 10, 3.0000, BB_DP, 6.5291, 1.0000, 47830,1
5, 10, 3.0000, PDP, 0.9049, 1.0000, 0,1
5, 10, 3.0000, TABU, 3.5424, inf, 0,1
5, 10, 3.0000, GA, 7.8808, inf, 0,1
5, 10, 3.0000, BB_DP, 1.1156, 1.0000, 13060,1
5, 10, 3.0000, PDP, 0.9629, 1.0000, 0,1
5, 10, 3.0000, TABU, 2.8839, inf, 0,1
5, 10, 3.0000, GA, 7.7743, inf, 0,1
5, 10, 3.0000, BB_DP, 0.0037, 1.0000, 0,1
5, 10, 3.0000, PDP, 0.9157, 1.0000, 0,1
5, 10, 3.0000, TABU, 2.2652, 1.0000, 0,1
5, 10, 3.0000, GA, 6.9553, 1.0000, 0,1
5, 10, 3.0000, BB_DP, 0.0035, 1.0000, 0,1
5, 10, 3.0000, PDP, 0.9367, 1.0000, 0,1
5, 10, 3.0000, TABU, 3.5878, 1.0000, 0,1
5, 10, 3.0000, GA, 7.7968, inf, 0,1
5, 10, 3.0000, BB_DP, 3.1945, 1.0000, 51263,1
5, 10, 3.0000, PDP, 1.1380, 1.0000, 0,1
5, 10, 3.0000, TABU, 2.3798, inf, 0,1
5, 10, 3.0000, GA, 7.6165, inf, 0,1
5, 10, 3.0000, BB_DP, 1.3650, 1.0000, 7467,1
5, 10, 3.0000, PDP, 0.9037, 1.0000, 0,1
5, 10, 3.0000, TABU, 3.4119, 1.0000, 0,1
5, 10, 3.0000, GA, 7.0448, inf, 0,1
5, 10, 3.0000, BB_DP, 0.0022, 1.0000, 0,1
5, 10, 3.0000, PDP, 0.9332, 1.0000, 0,1
5, 10, 3.0000, TABU, 2.3499, 1.0000, 0,1
5, 10, 3.0000, GA, 7.7247, inf, 0,1
5, 10, 3.0000, BB_DP, 0.3498, 1.0000, 7379,1
5, 10, 3.0000, PDP, 0.9101, 1.0000, 0,1
5, 10, 3.0000, TABU, 2.9796, inf, 0,1
5, 10, 3.0000, GA, 13.4018, inf, 0,1
5, 10, 3.0000, BB_DP, 0.0028, 1.0000, 0,1
5, 10, 3.0000, PDP, 0.9835, 1.0000, 0,1
5, 10, 3.0000, TABU, 3.5778, 1.0000, 0,1
5, 10, 3.0000, GA, 7.0634, inf, 0,1
5, 10, 3.0000, BB_DP, 0.0020, 1.0000, 0,1
5, 10, 3.0000, PDP, 0.8850, 1.0000, 0,1
5, 10, 3.0000, TABU, 2.1008, 1.0000, 0,1
5, 10, 3.0000, GA, 6.8348, 1.0000, 0,1
5, 10, 5.0000, BB_DP, 0.0034, 1.0000, 0,1
5, 10, 5.0000, PDP, 0.8882, 1.0000, 0,1
5, 10, 5.0000, TABU, 2.3860, inf, 0,1
5, 10, 5.0000, GA, 6.9740, inf, 0,1
5, 10, 5.0000, BB_DP, 1.5631, 1.0000, 13918,1
5, 10, 5.0000, PDP, 0.9098, 1.0000, 0,1
5, 10, 5.0000, TABU, 3.7264, 3.0000, 0,1
5, 10, 5.0000, GA, 7.1171, 4.0000, 0,1
5, 10, 5.0000, BB_DP, 0.0034, 1.0000, 0,1
5, 10, 5.0000, PDP, 0.8916, 1.0000, 0,1
5, 10, 5.0000, TABU, 3.5176, 1.0000, 0,1
5, 10, 5.0000, GA, 7.0460, 1.0000, 0,1
5, 10, 5.0000, BB_DP, 3.2177, 1.0000, 54262,1
5, 10, 5.0000, PDP, 0.9257, 1.0000, 0,1
5, 10, 5.0000, TABU, 3.5788, inf, 0,1
5, 10, 5.0000, GA, 9.6114, inf, 0,1
5, 10, 5.0000, BB_DP, 0.0021, 1.0000, 0,1
5, 10, 5.0000, PDP, 0.8817, 1.0000, 0,1
5, 10, 5.0000, TABU, 2.2864, 1.0000, 0,1
5, 10, 5.0000, GA, 8.2242, 1.0000, 0,1
5, 10, 5.0000, BB_DP, 0.7824, 1.0000, 9698,1
5, 10, 5.0000, PDP, 0.9032, 1.0000, 0,1
5, 10, 5.0000, TABU, 3.2477, 1.0000, 0,1
5, 10, 5.0000, GA, 7.0726, 1.0000, 0,1
5, 10, 5.0000, BB_DP, 0.0034, 1.0000, 0,1
5, 10, 5.0000, PDP, 0.9389, 1.0000, 0,1
5, 10, 5.0000, TABU, 2.0423, 1.0000, 0,1
5, 10, 5.0000, GA, 6.5565, 1.0000, 0,1
5, 10, 5.0000, BB_DP, 1.3394, 1.0000, 10666,1
5, 10, 5.0000, PDP, 0.9382, 1.0000, 0,1
5, 10, 5.0000, TABU, 4.2533, 1.0000, 0,1
5, 10, 5.0000, GA, 15.1951, 1.0000, 0,1
5, 10, 5.0000, BB_DP, 2.2373, 1.0000, 23916,1
5, 10, 5.0000, PDP, 0.9644, 1.0000, 0,1
5, 10, 5.0000, TABU, 3.4992, inf, 0,1
5, 10, 5.0000, GA, 7.5888, inf, 0,1
5, 10, 5.0000, BB_DP, 0.6468, 1.0000, 8573,1
5, 10, 5.0000, PDP, 0.9168, 1.0000, 0,1
5, 10, 5.0000, TABU, 3.2881, inf, 0,1
5, 10, 5.0000, GA, 7.6101, inf, 0,1
5, 10, 5.0000, BB_DP, 2.9653, 1.0000, 35526,1
5, 10, 5.0000, PDP, 0.9168, 1.0000, 0,1
5, 10, 5.0000, TABU, 2.1991, inf, 0,1
5, 10, 5.0000, GA, 8.3407, inf, 0,1
5, 10, 5.0000, BB_DP, 1.0764, 1.0000, 5903,1
5, 10, 5.0000, PDP, 0.9155, 1.0000, 0,1
5, 10, 5.0000, TABU, 3.3672, 1.0000, 0,1
5, 10, 5.0000, GA, 7.6173, 4.0000, 0,1
5, 10, 5.0000, BB_DP, 0.1561, 1.0000, 1780,1
5, 10, 5.0000, PDP, 0.9099, 1.0000, 0,1
5, 10, 5.0000, TABU, 2.1989, inf, 0,1
5, 10, 5.0000, GA, 6.9889, inf, 0,1
5, 10, 5.0000, BB_DP, 1.1187, 1.0000, 15808,1
5, 10, 5.0000, PDP, 0.9010, 1.0000, 0,1
5, 10, 5.0000, TABU, 3.4139, 2.0000, 0,1
5, 10, 5.0000, GA, 13.2942, 6.0000, 0,1
5, 10, 5.0000, BB_DP, 0.3047, 1.0000, 4034,1
5, 10, 5.0000, PDP, 0.9017, 1.0000, 0,1
5, 10, 5.0000, TABU, 2.1850, inf, 0,1
5, 10, 5.0000, GA, 7.6093, 1.0000, 0,1
5, 10, 5.0000, BB_DP, 0.8390, 1.0000, 13510,1
5, 10, 5.0000, PDP, 0.9083, 1.0000, 0,1
5, 10, 5.0000, TABU, 3.2837, inf, 0,1
5, 10, 5.0000, GA, 6.9936, inf, 0,1
5, 10, 5.0000, BB_DP, 1.2630, 1.0000, 22119,1
5, 10, 5.0000, PDP, 0.9121, 1.0000, 0,1
5, 10, 5.0000, TABU, 2.0821, inf, 0,1
5, 10, 5.0000, GA, 7.0440, inf, 0,1
5, 10, 5.0000, BB_DP, 0.0026, 1.0000, 0,1
5, 10, 5.0000, PDP, 0.8911, 1.0000, 0,1
5, 10, 5.0000, TABU, 3.2934, 1.0000, 0,1
5, 10, 5.0000, GA, 8.6631, inf, 0,1
5, 10, 5.0000, BB_DP, 0.6601, 1.0000, 15056,1
5, 10, 5.0000, PDP, 1.0553, 1.0000, 0,1
5, 10, 5.0000, TABU, 3.2660, inf, 0,1
5, 10, 5.0000, GA, 8.8955, inf, 0,1
5, 10, 5.0000, BB_DP, 0.0039, 1.0000, 0,1
5, 10, 5.0000, PDP, 0.9302, 1.0000, 0,1
5, 10, 5.0000, TABU, 2.2883, inf, 0,1
5, 10, 5.0000, GA, 6.8873, inf, 0,1
5, 10, 7.0000, BB_DP, 0.0036, 1.0000, 0,1
5, 10, 7.0000, PDP, 0.8879, 1.0000, 0,1
5, 10, 7.0000, TABU, 2.3701, inf, 0,1
5, 10, 7.0000, GA, 7.1732, inf, 0,1
5, 10, 7.0000, BB_DP, 0.0036, 1.0000, 0,1
5, 10, 7.0000, PDP, 0.9049, 1.0000, 0,1
5, 10, 7.0000, TABU, 2.7521, 1.0000, 0,1
5, 10, 7.0000, GA, 6.7616, 1.0000, 0,1
5, 10, 7.0000, BB_DP, 2.7681, 1.0000, 45422,1
5, 10, 7.0000, PDP, 0.9070, 1.0000, 0,1
5, 10, 7.0000, TABU, 2.6028, inf, 0,1
5, 10, 7.0000, GA, 7.4654, inf, 0,1
5, 10, 7.0000, BB_DP, 0.0032, 1.0000, 0,1
5, 10, 7.0000, PDP, 0.8915, 1.0000, 0,1
5, 10, 7.0000, TABU, 2.5953, 1.0000, 0,1
5, 10, 7.0000, GA, 7.5729, inf, 0,1
5, 10, 7.0000, BB_DP, 0.4004, 1.0000, 4228,1
5, 10, 7.0000, PDP, 0.9011, 1.0000, 0,1
5, 10, 7.0000, TABU, 4.0633, inf, 0,1
5, 10, 7.0000, GA, 9.4784, inf, 0,1
5, 10, 7.0000, BB_DP, 1.8550, 1.0000, 25015,1
5, 10, 7.0000, PDP, 0.9415, 1.0000, 0,1
5, 10, 7.0000, TABU, 2.7766, 3.0000, 0,1
5, 10, 7.0000, GA, 7.3274, 2.0000, 0,1
5, 10, 7.0000, BB_DP, 3.6488, 1.0000, 44408,1
5, 10, 7.0000, PDP, 0.9153, 1.0000, 0,1
5, 10, 7.0000, TABU, 2.1390, 2.3333, 0,1
5, 10, 7.0000, GA, 7.6256, 1.3333, 0,1
5, 10, 7.0000, BB_DP, 4.4035, 1.0000, 54413,1
5, 10, 7.0000, PDP, 0.9270, 1.0000, 0,1
5, 10, 7.0000, TABU, 2.8026, 3.0000, 0,1
5, 10, 7.0000, GA, 7.7838, 3.5000, 0,1
5, 10, 7.0000, BB_DP, 5.3546, 1.0000, 107700,1
5, 10, 7.0000, PDP, 0.9210, 1.0000, 0,1
5, 10, 7.0000, TABU, 3.5433, 1.7500, 0,1
5, 10, 7.0000, GA, 7.5923, 1.7500, 0,1
5, 10, 7.0000, BB_DP, 0.4387, 1.0000, 9857,1
5, 10, 7.0000, PDP, 0.8952, 1.0000, 0,1
5, 10, 7.0000, TABU, 2.8848, 1.0000, 0,1
5, 10, 7.0000, GA, 7.9121, inf, 0,1
5, 10, 7.0000, BB_DP, 0.0022, 1.0000, 0,1
5, 10, 7.0000, PDP, 0.8837, 1.0000, 0,1
5, 10, 7.0000, TABU, 2.2981, 1.0000, 0,1
5, 10, 7.0000, GA, 6.8582, 1.0000, 0,1
5, 10, 7.0000, BB_DP, 1.5413, 1.0000, 23021,1
5, 10, 7.0000, PDP, 0.9076, 1.0000, 0,1
5, 10, 7.0000, TABU, 3.4344, 1.0000, 0,1
5, 10, 7.0000, GA, 10.1259, 1.0000, 0,1
5, 10, 7.0000, BB_DP, 1.0938, 1.0000, 14859,1
5, 10, 7.0000, PDP, 0.8770, 1.0000, 0,1
5, 10, 7.0000, TABU, 3.3185, inf, 0,1
5, 10, 7.0000, GA, 11.8575, inf, 0,1
5, 10, 7.0000, BB_DP, 0.8688, 1.0000, 19284,1
5, 10, 7.0000, PDP, 0.9116, 1.0000, 0,1
5, 10, 7.0000, TABU, 3.5571, inf, 0,1
5, 10, 7.0000, GA, 7.0581, inf, 0,1
5, 10, 7.0000, BB_DP, 0.3925, 1.0000, 3429,1
5, 10, 7.0000, PDP, 0.9017, 1.0000, 0,1
5, 10, 7.0000, TABU, 3.4664, 1.0000, 0,1
5, 10, 7.0000, GA, 7.6870, 1.0000, 0,1
5, 10, 7.0000, BB_DP, 2.0408, 1.0000, 32904,1
5, 10, 7.0000, PDP, 0.9091, 1.0000, 0,1
5, 10, 7.0000, TABU, 3.0819, 1.5000, 0,1
5, 10, 7.0000, GA, 7.0997, 2.0000, 0,1
5, 10, 7.0000, BB_DP, 0.0043, 1.0000, 0,1
5, 10, 7.0000, PDP, 1.1818, 1.0000, 0,1
5, 10, 7.0000, TABU, 4.0069, 1.0000, 0,1
5, 10, 7.0000, GA, 10.6879, 1.0000, 0,1
5, 10, 7.0000, BB_DP, 4.7539, 1.0000, 43461,1
5, 10, 7.0000, PDP, 0.9418, 1.0000, 0,1
5, 10, 7.0000, TABU, 2.4623, inf, 0,1
5, 10, 7.0000, GA, 8.6915, inf, 0,1
5, 10, 7.0000, BB_DP, 0.9487, 1.0000, 15266,1
5, 10, 7.0000, PDP, 0.9333, 1.0000, 0,1
5, 10, 7.0000, TABU, 2.5605, 2.0000, 0,1
5, 10, 7.0000, GA, 9.5933, 3.0000, 0,1
5, 10, 7.0000, BB_DP, 0.0021, 1.0000, 0,1
5, 10, 7.0000, PDP, 0.9338, 1.0000, 0,1
5, 10, 7.0000, TABU, 2.2596, 1.0000, 0,1
5, 10, 7.0000, GA, 7.5926, 1.0000, 0,1
5, 11, 3.0000, BB_DP, 0.1333, 1.0000, 848,1
5, 11, 3.0000, PDP, 4.9209, 1.0000, 0,1
5, 11, 3.0000, TABU, 3.3901, 1.0000, 0,1
5, 11, 3.0000, GA, 7.5158, 3.0000, 0,1
5, 11, 3.0000, BB_DP, 10.0468, 1.0000, 70293,1
5, 11, 3.0000, PDP, 4.8190, 1.0000, 0,1
5, 11, 3.0000, TABU, 3.2484, 1.0000, 0,1
5, 11, 3.0000, GA, 16.7432, 1.0000, 0,1
5, 11, 3.0000, BB_DP, 5.3805, 1.0000, 110374,1
5, 11, 3.0000, PDP, 4.7945, 1.0000, 0,1
5, 11, 3.0000, TABU, 3.3894, 2.0000, 0,1
5, 11, 3.0000, GA, 7.2553, 4.0000, 0,1
5, 11, 3.0000, BB_DP, 2.8609, 1.0000, 35827,1
5, 11, 3.0000, PDP, 4.8093, 1.0000, 0,1
5, 11, 3.0000, TABU, 3.2844, inf, 0,1
5, 11, 3.0000, GA, 7.3297, inf, 0,1
5, 11, 3.0000, BB_DP, 4.4684, 1.0000, 10239,1
5, 11, 3.0000, PDP, 4.8430, 1.0000, 0,1
5, 11, 3.0000, TABU, 2.4235, inf, 0,1
5, 11, 3.0000, GA, 7.9667, 1.0000, 0,1
5, 11, 3.0000, BB_DP, 0.7094, 1.0000, 3172,1
5, 11, 3.0000, PDP, 4.8086, 1.0000, 0,1
5, 11, 3.0000, TABU, 3.4625, 1.0000, 0,1
5, 11, 3.0000, GA, 7.5940, inf, 0,1
5, 11, 3.0000, BB_DP, 0.0022, 1.0000, 0,1
5, 11, 3.0000, PDP, 4.8130, 1.0000, 0,1
5, 11, 3.0000, TABU, 3.4823, 1.0000, 0,1
5, 11, 3.0000, GA, 7.1887, 1.0000, 0,1
5, 11, 3.0000, BB_DP, 2.2396, 1.0000, 30021,1
5, 11, 3.0000, PDP, 4.8645, 1.0000, 0,1
5, 11, 3.0000, TABU, 2.4909, 1.0000, 0,1
5, 11, 3.0000, GA, 9.0158, inf, 0,1
5, 11, 3.0000, BB_DP, 0.0034, 1.0000, 0,1
5, 11, 3.0000, PDP, 4.8382, 1.0000, 0,1
5, 11, 3.0000, TABU, 2.4612, inf, 0,1
5, 11, 3.0000, GA, 7.5319, inf, 0,1
5, 11, 3.0000, BB_DP, 2.0755, 1.0000, 10969,1
5, 11, 3.0000, PDP, 4.8530, 1.0000, 0,1
5, 11, 3.0000, TABU, 2.3161, 1.0000, 0,1
5, 11, 3.0000, GA, 7.4683, 1.0000, 0,1
5, 11, 3.0000, BB_DP, 0.0025, 1.0000, 0,1
5, 11, 3.0000, PDP, 4.8347, 1.0000, 0,1
5, 11, 3.0000, TABU, 3.8502, 1.0000, 0,1
5, 11, 3.0000, GA, 7.5049, inf, 0,1
5, 11, 3.0000, BB_DP, 0.0033, 1.0000, 0,1
5, 11, 3.0000, PDP, 4.8418, 1.0000, 0,1
5, 11, 3.0000, TABU, 2.1728, 1.0000, 0,1
5, 11, 3.0000, GA, 9.9887, 1.0000, 0,1
5, 11, 3.0000, BB_DP, 0.0037, 1.0000, 0,1
5, 11, 3.0000, PDP, 4.8711, 1.0000, 0,1
5, 11, 3.0000, TABU, 2.4731, 1.0000, 0,1
5, 11, 3.0000, GA, 7.5034, 1.0000, 0,1
5, 11, 3.0000, BB_DP, 1.1045, 1.0000, 5987,1
5, 11, 3.0000, PDP, 4.8439, 1.0000, 0,1
5, 11, 3.0000, TABU, 3.4571, inf, 0,1
5, 11, 3.0000, GA, 8.6222, inf, 0,1
5, 11, 3.0000, BB_DP, 1.6094, 1.0000, 11884,1
5, 11, 3.0000, PDP, 4.9811, 1.0000, 0,1
5, 11, 3.0000, TABU, 4.4420, inf, 0,1
5, 11, 3.0000, GA, 8.0826, inf, 0,1
5, 11, 3.0000, BB_DP, 2.3831, 1.0000, 37101,1
5, 11, 3.0000, PDP, 4.7430, 1.0000, 0,1
5, 11, 3.0000, TABU, 4.1492, inf, 0,1
5, 11, 3.0000, GA, 7.7585, inf, 0,1
5, 11, 3.0000, BB_DP, 0.0028, 1.0000, 0,1
5, 11, 3.0000, PDP, 4.7028, 1.0000, 0,1
5, 11, 3.0000, TABU, 3.4723, 1.0000, 0,1
5, 11, 3.0000, GA, 7.3676, inf, 0,1
5, 11, 3.0000, BB_DP, 5.7082, 1.0000, 60504,1
5, 11, 3.0000, PDP, 4.7785, 1.0000, 0,1
5, 11, 3.0000, TABU, 2.2720, 3.0000, 0,1
5, 11, 3.0000, GA, 7.9251, 3.0000, 0,1
5, 11, 3.0000, BB_DP, 1.7338, 1.0000, 14742,1
5, 11, 3.0000, PDP, 4.7691, 1.0000, 0,1
5, 11, 3.0000, TABU, 3.5072, inf, 0,1
5, 11, 3.0000, GA, 7.2858, inf, 0,1
5, 11, 3.0000, BB_DP, 0.0023, 1.0000, 0,1
5, 11, 3.0000, PDP, 4.7491, 1.0000, 0,1
5, 11, 3.0000, TABU, 3.0578, 1.0000, 0,1
5, 11, 3.0000, GA, 8.5835, 1.0000, 0,1
5, 11, 5.0000, BB_DP, 0.2431, 1.0000, 2828,1
5, 11, 5.0000, PDP, 4.7324, 1.0000, 0,1
5, 11, 5.0000, TABU, 2.5486, 1.5000, 0,1
5, 11, 5.0000, GA, 7.6799, 1.5000, 0,1
5, 11, 5.0000, BB_DP, 5.7243, 1.0000, 157479,1
5, 11, 5.0000, PDP, 4.7288, 1.0000, 0,1
5, 11, 5.0000, TABU, 3.0987, inf, 0,1
5, 11, 5.0000, GA, 7.6983, inf, 0,1
5, 11, 5.0000, BB_DP, 1.2389, 1.0000, 11510,1
5, 11, 5.0000, PDP, 4.7355, 1.0000, 0,1
5, 11, 5.0000, TABU, 2.2704, 2.0000, 0,1
5, 11, 5.0000, GA, 7.2408, 2.0000, 0,1
5, 11, 5.0000, BB_DP, 0.0035, 1.0000, 0,1
5, 11, 5.0000, PDP, 4.6998, 1.0000, 0,1
5, 11, 5.0000, TABU, 2.7927, 1.0000, 0,1
5, 11, 5.0000, GA, 7.8985, 1.0000, 0,1
5, 11, 5.0000, BB_DP, 6.3386, 1.0000, 85212,1
5, 11, 5.0000, PDP, 4.6921, 1.0000, 0,1
5, 11, 5.0000, TABU, 2.4381, 5.0000, 0,1
5, 11, 5.0000, GA, 7.9542, 5.0000, 0,1
5, 11, 5.0000, BB_DP, 11.8054, 1.0000, 201386,1
5, 11, 5.0000, PDP, 4.7095, 1.0000, 0,1
5, 11, 5.0000, TABU, 2.2575, 2.0000, 0,1
5, 11, 5.0000, GA, 7.2526, 2.0000, 0,1
5, 11, 5.0000, BB_DP, 0.0030, 1.0000, 0,1
5, 11, 5.0000, PDP, 6.6274, 1.0000, 0,1
5, 11, 5.0000, TABU, 4.0932, 1.0000, 0,1
5, 11, 5.0000, GA, 8.2928, 1.0000, 0,1
5, 11, 5.0000, BB_DP, 1.8426, 1.0000, 18132,1
5, 11, 5.0000, PDP, 4.7043, 1.0000, 0,1
5, 11, 5.0000, TABU, 2.3680, 1.0000, 0,1
5, 11, 5.0000, GA, 8.3652, 1.0000, 0,1
5, 11, 5.0000, BB_DP, 2.9726, 1.0000, 26084,1
5, 11, 5.0000, PDP, 4.8926, 1.0000, 0,1
5, 11, 5.0000, TABU, 3.2564, 1.0000, 0,1
5, 11, 5.0000, GA, 7.5884, inf, 0,1
5, 11, 5.0000, BB_DP, 0.8895, 1.0000, 9547,1
5, 11, 5.0000, PDP, 4.6814, 1.0000, 0,1
5, 11, 5.0000, TABU, 2.5325, 4.0000, 0,1
5, 11, 5.0000, GA, 12.1475, 2.0000, 0,1
5, 11, 5.0000, BB_DP, 0.7018, 1.0000, 6131,1
5, 11, 5.0000, PDP, 4.7216, 1.0000, 0,1
5, 11, 5.0000, TABU, 3.3354, 1.0000, 0,1
5, 11, 5.0000, GA, 7.7524, 1.0000, 0,1
5, 11, 5.0000, BB_DP, 0.0022, 1.0000, 0,1
5, 11, 5.0000, PDP, 4.6900, 1.0000, 0,1
5, 11, 5.0000, TABU, 2.5760, 1.0000, 0,1
5, 11, 5.0000, GA, 7.6071, 1.0000, 0,1
5, 11, 5.0000, BB_DP, 23.8077, 1.0000, 240047,1
5, 11, 5.0000, PDP, 4.7450, 1.0000, 0,1
5, 11, 5.0000, TABU, 3.2979, 3.5000, 0,1
5, 11, 5.0000, GA, 8.0490, 2.0000, 0,1
5, 11, 5.0000, BB_DP, 0.3236, 1.0000, 5785,1
5, 11, 5.0000, PDP, 4.8118, 1.0000, 0,1
5, 11, 5.0000, TABU, 2.2351, inf, 0,1
5, 11, 5.0000, GA, 7.5534, 1.0000, 0,1
5, 11, 5.0000, BB_DP, 0.0021, 1.0000, 0,1
5, 11, 5.0000, PDP, 4.7085, 1.0000, 0,1
5, 11, 5.0000, TABU, 3.5692, 1.0000, 0,1
5, 11, 5.0000, GA, 7.1561, 1.0000, 0,1
5, 11, 5.0000, BB_DP, 21.2760, 1.0000, 276913,1
5, 11, 5.0000, PDP, 4.7546, 1.0000, 0,1
5, 11, 5.0000, TABU, 2.8916, 4.0000, 0,1
5, 11, 5.0000, GA, 7.4798, 6.0000, 0,1
5, 11, 5.0000, BB_DP, 4.9757, 1.0000, 64736,1
5, 11, 5.0000, PDP, 4.9874, 1.0000, 0,1
5, 11, 5.0000, TABU, 3.4006, inf, 0,1
5, 11, 5.0000, GA, 7.3181, inf, 0,1
5, 11, 5.0000, BB_DP, 2.2735, 1.0000, 22699,1
5, 11, 5.0000, PDP, 4.7515, 1.0000, 0,1
5, 11, 5.0000, TABU, 2.3536, inf, 0,1
5, 11, 5.0000, GA, 7.6527, inf, 0,1
5, 11, 5.0000, BB_DP, 0.0031, 1.0000, 0,1
5, 11, 5.0000, PDP, 4.7474, 1.0000, 0,1
5, 11, 5.0000, TABU, 3.8043, 1.0000, 0,1
5, 11, 5.0000, GA, 8.0640, 1.0000, 0,1
5, 11, 5.0000, BB_DP, 0.0036, 1.0000, 0,1
5, 11, 5.0000, PDP, 4.7321, 1.0000, 0,1
5, 11, 5.0000, TABU, 3.7283, 1.0000, 0,1
5, 11, 5.0000, GA, 7.1407, 1.0000, 0,1
5, 11, 7.0000, BB_DP, 0.0023, 1.0000, 0,1
5, 11, 7.0000, PDP, 4.7488, 1.0000, 0,1
5, 11, 7.0000, TABU, 4.2048, 1.0000, 0,1
5, 11, 7.0000, GA, 8.0658, 1.0000, 0,1
5, 11, 7.0000, BB_DP, 0.0033, 1.0000, 0,1
5, 11, 7.0000, PDP, 4.7624, 1.0000, 0,1
5, 11, 7.0000, TABU, 3.3552, inf, 0,1
5, 11, 7.0000, GA, 7.2838, inf, 0,1
5, 11, 7.0000, BB_DP, 12.0517, 1.0000, 183652,1
5, 11, 7.0000, PDP, 4.7526, 1.0000, 0,1
5, 11, 7.0000, TABU, 2.1157, inf, 0,1
5, 11, 7.0000, GA, 7.5300, inf, 0,1
5, 11, 7.0000, BB_DP, 2.7506, 1.0000, 42809,1
5, 11, 7.0000, PDP, 4.7494, 1.0000, 0,1
5, 11, 7.0000, TABU, 2.5527, 1.0000, 0,1
5, 11, 7.0000, GA, 7.2687, inf, 0,1
5, 11, 7.0000, BB_DP, 6.2714, 1.0000, 91053,1
5, 11, 7.0000, PDP, 4.7696, 1.0000, 0,1
5, 11, 7.0000, TABU, 2.3843, 2.0000, 0,1
5, 11, 7.0000, GA, 8.0832, 2.2500, 0,1
5, 11, 7.0000, BB_DP, 0.8426, 1.0000, 8747,1
5, 11, 7.0000, PDP, 4.7372, 1.0000, 0,1
5, 11, 7.0000, TABU, 3.3128, 1.0000, 0,1
5, 11, 7.0000, GA, 7.7521, inf, 0,1
5, 11, 7.0000, BB_DP, 10.8142, 1.0000, 196911,1
5, 11, 7.0000, PDP, 4.7318, 1.0000, 0,1
5, 11, 7.0000, TABU, 2.9073, 1.0000, 0,1
5, 11, 7.0000, GA, 8.7101, 1.2000, 0,1
5, 11, 7.0000, BB_DP, 12.9863, 1.0000, 215176,1
5, 11, 7.0000, PDP, 4.7218, 1.0000, 0,1
5, 11, 7.0000, TABU, 3.3502, 1.2000, 0,1
5, 11, 7.0000, GA, 7.5127, 1.6000, 0,1
5, 11, 7.0000, BB_DP, 3.0763, 1.0000, 53893,1
5, 11, 7.0000, PDP, 4.7369, 1.0000, 0,1
5, 11, 7.0000, TABU, 2.7916, 1.0000, 0,1
5, 11, 7.0000, GA, 13.9543, inf, 0,1
5, 11, 7.0000, BB_DP, 1.8700, 1.0000, 29522,1
5, 11, 7.0000, PDP, 4.7081, 1.0000, 0,1
5, 11, 7.0000, TABU, 3.4897, inf, 0,1
5, 11, 7.0000, GA, 10.9253, 1.0000, 0,1
5, 11, 7.0000, BB_DP, 0.4578, 1.0000, 5993,1
5, 11, 7.0000, PDP, 4.7250, 1.0000, 0,1
5, 11, 7.0000, TABU, 2.3060, 1.0000, 0,1
5, 11, 7.0000, GA, 7.2153, 1.0000, 0,1
5, 11, 7.0000, BB_DP, 0.0036, 1.0000, 0,1
5, 11, 7.0000, PDP, 4.6761, 1.0000, 0,1
5, 11, 7.0000, TABU, 2.2588, 1.0000, 0,1
5, 11, 7.0000, GA, 7.3140, 1.0000, 0,1
5, 11, 7.0000, BB_DP, 2.2926, 1.0000, 29158,1
5, 11, 7.0000, PDP, 4.6951, 1.0000, 0,1
5, 11, 7.0000, TABU, 2.3921, inf, 0,1
5, 11, 7.0000, GA, 8.1054, inf, 0,1
5, 11, 7.0000, BB_DP, 2.1194, 1.0000, 54247,1
5, 11, 7.0000, PDP, 4.7236, 1.0000, 0,1
5, 11, 7.0000, TABU, 2.0385, inf, 0,1
5, 11, 7.0000, GA, 7.9632, inf, 0,1
5, 11, 7.0000, BB_DP, 10.9014, 1.0000, 108814,1
5, 11, 7.0000, PDP, 5.4945, 1.0000, 0,1
5, 11, 7.0000, TABU, 3.6319, 3.0000, 0,1
5, 11, 7.0000, GA, 8.0438, 4.0000, 0,1
5, 11, 7.0000, BB_DP, 4.3218, 1.0000, 56636,1
5, 11, 7.0000, PDP, 4.8250, 1.0000, 0,1
5, 11, 7.0000, TABU, 3.5666, inf, 0,1
5, 11, 7.0000, GA, 7.7801, inf, 0,1
5, 11, 7.0000, BB_DP, 1.3801, 1.0000, 25098,1
5, 11, 7.0000, PDP, 4.8318, 1.0000, 0,1
5, 11, 7.0000, TABU, 3.4095, 1.0000, 0,1
5, 11, 7.0000, GA, 9.1320, inf, 0,1
5, 11, 7.0000, BB_DP, 16.6675, 1.0000, 265770,1
5, 11, 7.0000, PDP, 5.0915, 1.0000, 0,1
5, 11, 7.0000, TABU, 3.5416, 1.2000, 0,1
5, 11, 7.0000, GA, 7.3995, 1.6000, 0,1
5, 11, 7.0000, BB_DP, 0.8976, 1.0000, 10131,1
5, 11, 7.0000, PDP, 4.8559, 1.0000, 0,1
5, 11, 7.0000, TABU, 2.2932, inf, 0,1
5, 11, 7.0000, GA, 7.7820, inf, 0,1
5, 11, 7.0000, BB_DP, 7.9833, 1.0000, 134141,1
5, 11, 7.0000, PDP, 4.9691, 1.0000, 0,1
5, 11, 7.0000, TABU, 3.3520, 1.6667, 0,1
5, 11, 7.0000, GA, 11.2244, 2.0000, 0,1
5, 12, 3.0000, BB_DP, 13.4757, 1.0000, 101979,1
5, 12, 3.0000, PDP, 25.3597, 1.0000, 0,1
5, 12, 3.0000, TABU, 2.2993, inf, 0,1
5, 12, 3.0000, GA, 7.7333, inf, 0,1
5, 12, 3.0000, BB_DP, 24.2594, 1.0000, 203092,1
5, 12, 3.0000, PDP, 24.5672, 1.0000, 0,1
5, 12, 3.0000, TABU, 3.3434, 1.6667, 0,1
5, 12, 3.0000, GA, 8.7599, 2.6667, 0,1
5, 12, 3.0000, BB_DP, 0.0023, 1.0000, 0,1
5, 12, 3.0000, PDP, 24.5863, 1.0000, 0,1
5, 12, 3.0000, TABU, 2.4203, 1.0000, 0,1
5, 12, 3.0000, GA, 8.3648, 1.0000, 0,1
5, 12, 3.0000, BB_DP, 0.0023, 1.0000, 0,1
5, 12, 3.0000, PDP, 24.6501, 1.0000, 0,1
5, 12, 3.0000, TABU, 2.6121, 1.0000, 0,1
5, 12, 3.0000, GA, 8.3229, 1.0000, 0,1
5, 12, 3.0000, BB_DP, 0.0040, 1.0000, 0,1
5, 12, 3.0000, PDP, 24.9005, 1.0000, 0,1
5, 12, 3.0000, TABU, 3.5227, 1.0000, 0,1
5, 12, 3.0000, GA, 7.3410, 1.0000, 0,1
5, 12, 3.0000, BB_DP, 15.2494, 1.0000, 180175,1
5, 12, 3.0000, PDP, 24.7781, 1.0000, 0,1
5, 12, 3.0000, TABU, 3.2996, inf, 0,1
5, 12, 3.0000, GA, 9.5140, inf, 0,1
5, 12, 3.0000, BB_DP, 0.0024, 1.0000, 0,1
5, 12, 3.0000, PDP, 24.6461, 1.0000, 0,1
5, 12, 3.0000, TABU, 3.2136, 1.0000, 0,1
5, 12, 3.0000, GA, 10.4000, 1.0000, 0,1
5, 12, 3.0000, BB_DP, 0.0028, 1.0000, 0,1
5, 12, 3.0000, PDP, 29.4970, 1.0000, 0,1
5, 12, 3.0000, TABU, 3.6340, 1.0000, 0,1
5, 12, 3.0000, GA, 7.6337, 1.0000, 0,1
5, 12, 3.0000, BB_DP, 0.0023, 1.0000, 0,1
5, 12, 3.0000, PDP, 24.5985, 1.0000, 0,1
5, 12, 3.0000, TABU, 3.6539, 1.0000, 0,1
5, 12, 3.0000, GA, 8.0665, 1.0000, 0,1
5, 12, 3.0000, BB_DP, 12.3349, 1.0000, 50476,1
5, 12, 3.0000, PDP, 24.7428, 1.0000, 0,1
5, 12, 3.0000, TABU, 3.4079, inf, 0,1
5, 12, 3.0000, GA, 8.7316, inf, 0,1
5, 12, 3.0000, BB_DP, 0.0035, 1.0000, 0,1
5, 12, 3.0000, PDP, 24.7943, 1.0000, 0,1
5, 12, 3.0000, TABU, 2.8804, inf, 0,1
5, 12, 3.0000, GA, 7.6535, inf, 0,1
5, 12, 3.0000, BB_DP, 0.0035, 1.0000, 0,1
5, 12, 3.0000, PDP, 25.6396, 1.0000, 0,1
5, 12, 3.0000, TABU, 3.4236, 1.0000, 0,1
5, 12, 3.0000, GA, 7.3961, inf, 0,1
5, 12, 3.0000, BB_DP, 26.8783, 1.0000, 145423,1
5, 12, 3.0000, PDP, 24.9657, 1.0000, 0,1
5, 12, 3.0000, TABU, 2.2982, 8.0000, 0,1
5, 12, 3.0000, GA, 8.4788, 4.0000, 0,1
5, 12, 3.0000, BB_DP, 0.0029, 1.0000, 0,1
5, 12, 3.0000, PDP, 25.2063, 1.0000, 0,1
5, 12, 3.0000, TABU, 2.2806, inf, 0,1
5, 12, 3.0000, GA, 14.6922, inf, 0,1
5, 12, 3.0000, BB_DP, 8.8596, 1.0000, 122869,1
5, 12, 3.0000, PDP, 24.7632, 1.0000, 0,1
5, 12, 3.0000, TABU, 3.4929, inf, 0,1
5, 12, 3.0000, GA, 8.0390, inf, 0,1
5, 12, 3.0000, BB_DP, 3.3293, 1.0000, 32424,1
5, 12, 3.0000, PDP, 24.9882, 1.0000, 0,1
5, 12, 3.0000, TABU, 3.3303, 1.0000, 0,1
5, 12, 3.0000, GA, 16.2078, 1.0000, 0,1
5, 12, 3.0000, BB_DP, 2.2137, 1.0000, 7045,1
5, 12, 3.0000, PDP, 24.8475, 1.0000, 0,1
5, 12, 3.0000, TABU, 3.5319, inf, 0,1
5, 12, 3.0000, GA, 7.8941, inf, 0,1
5, 12, 3.0000, BB_DP, 0.0035, 1.0000, 0,1
5, 12, 3.0000, PDP, 24.8950, 1.0000, 0,1
5, 12, 3.0000, TABU, 3.3789, 1.0000, 0,1
5, 12, 3.0000, GA, 9.0673, inf, 0,1
5, 12, 3.0000, BB_DP, 0.0024, 1.0000, 0,1
5, 12, 3.0000, PDP, 24.7279, 1.0000, 0,1
5, 12, 3.0000, TABU, 2.5821, 1.0000, 0,1
5, 12, 3.0000, GA, 7.3865, inf, 0,1
5, 12, 3.0000, BB_DP, 6.1418, 1.0000, 83153,1
5, 12, 3.0000, PDP, 24.8119, 1.0000, 0,1
5, 12, 3.0000, TABU, 2.2356, inf, 0,1
5, 12, 3.0000, GA, 8.6222, inf, 0,1
5, 12, 5.0000, BB_DP, 11.4616, 1.0000, 84328,1
5, 12, 5.0000, PDP, 25.2032, 1.0000, 0,1
5, 12, 5.0000, TABU, 2.1391, inf, 0,1
5, 12, 5.0000, GA, 7.5713, inf, 0,1
5, 12, 5.0000, BB_DP, 13.7100, 1.0000, 218262,1
5, 12, 5.0000, PDP, 24.9472, 1.0000, 0,1
5, 12, 5.0000, TABU, 2.8459, inf, 0,1
5, 12, 5.0000, GA, 10.7033, inf, 0,1
5, 12, 5.0000, BB_DP, 6.2907, 1.0000, 58003,1
5, 12, 5.0000, PDP, 24.8345, 1.0000, 0,1
5, 12, 5.0000, TABU, 2.9502, inf, 0,1
5, 12, 5.0000, GA, 7.5259, inf, 0,1
5, 12, 5.0000, BB_DP, 3.1058, 1.0000, 40750,1
5, 12, 5.0000, PDP, 25.3991, 1.0000, 0,1
5, 12, 5.0000, TABU, 3.1426, inf, 0,1
5, 12, 5.0000, GA, 7.6231, inf, 0,1
5, 12, 5.0000, BB_DP, 0.0022, 1.0000, 0,1
5, 12, 5.0000, PDP, 25.3167, 1.0000, 0,1
5, 12, 5.0000, TABU, 2.2925, 1.0000, 0,1
5, 12, 5.0000, GA, 7.4472, 1.0000, 0,1
5, 12, 5.0000, BB_DP, 0.4687, 1.0000, 4796,1
5, 12, 5.0000, PDP, 25.8506, 1.0000, 0,1
5, 12, 5.0000, TABU, 2.7292, 3.0000, 0,1
5, 12, 5.0000, GA, 7.5841, 4.5000, 0,1
5, 12, 5.0000, BB_DP, 0.0035, 1.0000, 0,1
5, 12, 5.0000, PDP, 25.5635, 1.0000, 0,1
5, 12, 5.0000, TABU, 3.5647, 1.0000, 0,1
5, 12, 5.0000, GA, 8.1921, inf, 0,1
5, 12, 5.0000, BB_DP, 4.8123, 1.0000, 68023,1
5, 12, 5.0000, PDP, 25.1814, 1.0000, 0,1
5, 12, 5.0000, TABU, 3.3781, inf, 0,1
5, 12, 5.0000, GA, 7.6936, inf, 0,1
5, 12, 5.0000, BB_DP, 2.6301, 1.0000, 47080,1
5, 12, 5.0000, PDP, 24.6892, 1.0000, 0,1
5, 12, 5.0000, TABU, 3.5035, 2.0000, 0,1
5, 12, 5.0000, GA, 7.2730, 5.0000, 0,1
5, 12, 5.0000, BB_DP, 4.5128, 1.0000, 70829,1
5, 12, 5.0000, PDP, 24.8022, 1.0000, 0,1
5, 12, 5.0000, TABU, 2.6382, 2.0000, 0,1
5, 12, 5.0000, GA, 7.8329, 4.0000, 0,1
5, 12, 5.0000, BB_DP, 13.9857, 1.0000, 287341,1
5, 12, 5.0000, PDP, 25.2099, 1.0000, 0,1
5, 12, 5.0000, TABU, 3.4263, 1.5000, 0,1
5, 12, 5.0000, GA, 7.7356, 2.0000, 0,1
5, 12, 5.0000, BB_DP, 0.0036, 1.0000, 0,1
5, 12, 5.0000, PDP, 25.3831, 1.0000, 0,1
5, 12, 5.0000, TABU, 3.9024, inf, 0,1
5, 12, 5.0000, GA, 8.7593, 1.0000, 0,1
5, 12, 5.0000, BB_DP, 70.9124, 1.0000, 1077135,1
5, 12, 5.0000, PDP, 25.3917, 1.0000, 0,1
5, 12, 5.0000, TABU, 3.4660, 2.5000, 0,1
5, 12, 5.0000, GA, 8.0255, 3.5000, 0,1
5, 12, 5.0000, BB_DP, 0.0022, 1.0000, 0,1
5, 12, 5.0000, PDP, 25.0081, 1.0000, 0,1
5, 12, 5.0000, TABU, 2.5990, 1.0000, 0,1
5, 12, 5.0000, GA, 10.3113, 1.0000, 0,1
5, 12, 5.0000, BB_DP, 0.0030, 1.0000, 0,1
5, 12, 5.0000, PDP, 24.9692, 1.0000, 0,1
5, 12, 5.0000, TABU, 2.4861, inf, 0,1
5, 12, 5.0000, GA, 8.3623, 1.0000, 0,1
5, 12, 5.0000, BB_DP, 8.0027, 1.0000, 99784,1
5, 12, 5.0000, PDP, 24.9735, 1.0000, 0,1
5, 12, 5.0000, TABU, 3.4290, 5.0000, 0,1
5, 12, 5.0000, GA, 7.7125, 5.0000, 0,1
5, 12, 5.0000, BB_DP, 0.0026, 1.0000, 0,1
5, 12, 5.0000, PDP, 25.3587, 1.0000, 0,1
5, 12, 5.0000, TABU, 4.0338, 1.0000, 0,1
5, 12, 5.0000, GA, 7.6910, inf, 0,1
5, 12, 5.0000, BB_DP, 3.1255, 1.0000, 41585,1
5, 12, 5.0000, PDP, 25.3877, 1.0000, 0,1
5, 12, 5.0000, TABU, 3.6864, 3.0000, 0,1
5, 12, 5.0000, GA, 7.7725, 4.0000, 0,1
5, 12, 5.0000, BB_DP, 15.2317, 1.0000, 173594,1
5, 12, 5.0000, PDP, 25.4742, 1.0000, 0,1
5, 12, 5.0000, TABU, 2.7217, 4.0000, 0,1
5, 12, 5.0000, GA, 10.0138, 4.0000, 0,1
5, 12, 5.0000, BB_DP, 10.1796, 1.0000, 154543,1
5, 12, 5.0000, PDP, 30.2960, 1.0000, 0,1
5, 12, 5.0000, TABU, 4.6048, 4.0000, 0,1
5, 12, 5.0000, GA, 23.4711, 4.0000, 0,1
5, 12, 7.0000, BB_DP, 0.0025, 1.0000, 0,1
5, 12, 7.0000, PDP, 28.1149, 1.0000, 0,1
5, 12, 7.0000, TABU, 3.5355, 1.0000, 0,1
5, 12, 7.0000, GA, 8.2145, 1.0000, 0,1
5, 12, 7.0000, BB_DP, 2.9832, 1.0000, 21580,1
5, 12, 7.0000, PDP, 36.4420, 1.0000, 0,1
5, 12, 7.0000, TABU, 3.0691, 1.5000, 0,1
5, 12, 7.0000, GA, 11.2499, 1.5000, 0,1
5, 12, 7.0000, BB_DP, 0.0035, 1.0000, 0,1
5, 12, 7.0000, PDP, 28.3360, 1.0000, 0,1
5, 12, 7.0000, TABU, 3.2780, 1.0000, 0,1
5, 12, 7.0000, GA, 7.3126, 1.0000, 0,1
5, 12, 7.0000, BB_DP, 15.2133, 1.0000, 199625,1
5, 12, 7.0000, PDP, 26.9282, 1.0000, 0,1
5, 12, 7.0000, TABU, 4.1587, 2.0000, 0,1
5, 12, 7.0000, GA, 9.5599, 3.0000, 0,1
5, 12, 7.0000, BB_DP, 12.5562, 1.0000, 137260,1
5, 12, 7.0000, PDP, 26.5939, 1.0000, 0,1
5, 12, 7.0000, TABU, 2.2575, 4.0000, 0,1
5, 12, 7.0000, GA, 8.2659, 4.0000, 0,1
5, 12, 7.0000, BB_DP, 6.9399, 1.0000, 61971,1
5, 12, 7.0000, PDP, 27.6080, 1.0000, 0,1
5, 12, 7.0000, TABU, 2.6848, inf, 0,1
5, 12, 7.0000, GA, 13.6104, inf, 0,1
5, 12, 7.0000, BB_DP, 11.0613, 1.0000, 152953,1
5, 12, 7.0000, PDP, 26.5609, 1.0000, 0,1
5, 12, 7.0000, TABU, 4.3912, 3.0000, 0,1
5, 12, 7.0000, GA, 9.3736, 3.0000, 0,1
5, 12, 7.0000, BB_DP, 2.2677, 1.0000, 13656,1
5, 12, 7.0000, PDP, 27.4016, 1.0000, 0,1
5, 12, 7.0000, TABU, 6.6211, inf, 0,1
5, 12, 7.0000, GA, 12.2627, inf, 0,1
5, 12, 7.0000, BB_DP, 4.9324, 1.0000, 18545,1
5, 12, 7.0000, PDP, 27.8808, 1.0000, 0,1
5, 12, 7.0000, TABU, 2.9157, inf, 0,1
5, 12, 7.0000, GA, 8.5217, inf, 0,1
5, 12, 7.0000, BB_DP, 14.4877, 1.0000, 169313,1
5, 12, 7.0000, PDP, 30.4285, 1.0000, 0,1
5, 12, 7.0000, TABU, 2.8630, 2.0000, 0,1
5, 12, 7.0000, GA, 9.6072, 1.6667, 0,1
5, 12, 7.0000, BB_DP, 2.9136, 1.0000, 41301,1
5, 12, 7.0000, PDP, 26.8257, 1.0000, 0,1
5, 12, 7.0000, TABU, 3.2800, inf, 0,1
5, 12, 7.0000, GA, 10.3984, inf, 0,1
5, 12, 7.0000, BB_DP, 22.7488, 1.0000, 364239,1
5, 12, 7.0000, PDP, 26.6375, 1.0000, 0,1
5, 12, 7.0000, TABU, 3.9321, 4.0000, 0,1
5, 12, 7.0000, GA, 8.2859, 5.0000, 0,1
5, 12, 7.0000, BB_DP, 13.3200, 1.0000, 217086,1
5, 12, 7.0000, PDP, 27.4866, 1.0000, 0,1
5, 12, 7.0000, TABU, 3.5976, 2.0000, 0,1
5, 12, 7.0000, GA, 8.3684, 2.5000, 0,1
5, 12, 7.0000, BB_DP, 8.7858, 1.0000, 159875,1
5, 12, 7.0000, PDP, 30.2586, 1.0000, 0,1
5, 12, 7.0000, TABU, 4.1474, 3.0000, 0,1
5, 12, 7.0000, GA, 13.7794, 3.0000, 0,1
5, 12, 7.0000, BB_DP, 0.0024, 1.0000, 0,1
5, 12, 7.0000, PDP, 29.6769, 1.0000, 0,1
5, 12, 7.0000, TABU, 2.8566, 1.0000, 0,1
5, 12, 7.0000, GA, 7.5889, 1.0000, 0,1
5, 12, 7.0000, BB_DP, 1.9669, 1.0000, 31282,1
5, 12, 7.0000, PDP, 29.0426, 1.0000, 0,1
5, 12, 7.0000, TABU, 4.9581, 1.0000, 0,1
5, 12, 7.0000, GA, 13.8355, 1.0000, 0,1
5, 12, 7.0000, BB_DP, 46.9439, 1.0000, 485259,1
5, 12, 7.0000, PDP, 27.3265, 1.0000, 0,1
5, 12, 7.0000, TABU, 2.6065, 1.4000, 0,1
5, 12, 7.0000, GA, 8.6973, 1.4000, 0,1
5, 12, 7.0000, BB_DP, 55.4166, 1.0000, 864235,1
5, 12, 7.0000, PDP, 26.9381, 1.0000, 0,1
5, 12, 7.0000, TABU, 3.8028, 1.1667, 0,1
5, 12, 7.0000, GA, 8.5658, 1.5000, 0,1
5, 12, 7.0000, BB_DP, 8.9112, 1.0000, 74237,1
5, 12, 7.0000, PDP, 28.0910, 1.0000, 0,1
5, 12, 7.0000, TABU, 2.3985, inf, 0,1
5, 12, 7.0000, GA, 8.4425, inf, 0,1
5, 12, 7.0000, BB_DP, 3.6766, 1.0000, 61785,1
5, 12, 7.0000, PDP, 28.3622, 1.0000, 0,1
5, 12, 7.0000, TABU, 3.6127, 4.0000, 0,1
5, 12, 7.0000, GA, 7.8615, 4.0000, 0,1
5, 13, 3.0000, BB_DP, 20.8432, 1.0000, 244816,1
5, 13, 3.0000, PDP, 135.1441, 1.0000, 0,1
5, 13, 3.0000, TABU, 3.5268, 2.0000, 0,1
5, 13, 3.0000, GA, 8.1156, 4.0000, 0,1
5, 13, 3.0000, BB_DP, 49.3636, 1.0000, 275922,1
5, 13, 3.0000, PDP, 144.5133, 1.0000, 0,1
5, 13, 3.0000, TABU, 3.5503, 2.0000, 0,1
5, 13, 3.0000, GA, 7.5943, 2.0000, 0,1
5, 13, 3.0000, BB_DP, 0.0024, 1.0000, 0,1
5, 13, 3.0000, PDP, 135.7574, 1.0000, 0,1
5, 13, 3.0000, TABU, 4.0114, 1.0000, 0,1
5, 13, 3.0000, GA, 8.5877, 1.0000, 0,1
5, 13, 3.0000, BB_DP, 37.2301, 1.0000, 291191,1
5, 13, 3.0000, PDP, 137.0682, 1.0000, 0,1
5, 13, 3.0000, TABU, 3.7865, inf, 0,1
5, 13, 3.0000, GA, 8.9779, inf, 0,1
5, 13, 3.0000, BB_DP, 26.1687, 1.0000, 127118,1
5, 13, 3.0000, PDP, 170.5034, 1.0000, 0,1
5, 13, 3.0000, TABU, 4.4646, 1.5000, 0,1
5, 13, 3.0000, GA, 13.8231, 2.0000, 0,1
5, 13, 3.0000, BB_DP, 58.2017, 1.0000, 417348,1
5, 13, 3.0000, PDP, 170.1011, 1.0000, 0,1
5, 13, 3.0000, TABU, 4.7135, inf, 0,1
5, 13, 3.0000, GA, 10.0683, inf, 0,1
5, 13, 3.0000, BB_DP, 24.2732, 1.0000, 104646,1
5, 13, 3.0000, PDP, 175.7475, 1.0000, 0,1
5, 13, 3.0000, TABU, 3.7547, inf, 0,1
5, 13, 3.0000, GA, 7.9033, inf, 0,1
5, 13, 3.0000, BB_DP, 100.1068, 1.0000, 909797,1
5, 13, 3.0000, PDP, 138.6636, 1.0000, 0,1
5, 13, 3.0000, TABU, 3.6760, 3.0000, 0,1
5, 13, 3.0000, GA, 8.3632, 4.0000, 0,1
5, 13, 3.0000, BB_DP, 11.4580, 1.0000, 53147,1
5, 13, 3.0000, PDP, 145.1792, 1.0000, 0,1
5, 13, 3.0000, TABU, 4.0424, inf, 0,1
5, 13, 3.0000, GA, 8.8942, inf, 0,1
5, 13, 3.0000, BB_DP, 193.3659, 1.0000, 942326,1
5, 13, 3.0000, PDP, 155.1211, 1.0000, 0,1
5, 13, 3.0000, TABU, 2.5606, inf, 0,1
5, 13, 3.0000, GA, 9.7623, inf, 0,1
5, 13, 3.0000, BB_DP, 0.0025, 1.0000, 0,1
5, 13, 3.0000, PDP, 179.9375, 1.0000, 0,1
5, 13, 3.0000, TABU, 2.6572, 1.0000, 0,1
5, 13, 3.0000, GA, 9.7168, 1.0000, 0,1
5, 13, 3.0000, BB_DP, 34.0647, 1.0000, 330566,1
5, 13, 3.0000, PDP, 131.9629, 1.0000, 0,1
5, 13, 3.0000, TABU, 3.3733, inf, 0,1
5, 13, 3.0000, GA, 8.5133, inf, 0,1
5, 13, 3.0000, BB_DP, 0.0034, 1.0000, 0,1
5, 13, 3.0000, PDP, 133.4567, 1.0000, 0,1
5, 13, 3.0000, TABU, 2.0960, inf, 0,1
5, 13, 3.0000, GA, 7.3589, inf, 0,1
5, 13, 3.0000, BB_DP, 88.3136, 1.0000, 1328962,1
5, 13, 3.0000, PDP, 134.2148, 1.0000, 0,1
5, 13, 3.0000, TABU, 3.1198, 5.0000, 0,1
5, 13, 3.0000, GA, 9.0022, 7.0000, 0,1
5, 13, 3.0000, BB_DP, 52.8160, 1.0000, 338130,1
5, 13, 3.0000, PDP, 131.1272, 1.0000, 0,1
5, 13, 3.0000, TABU, 3.6932, inf, 0,1
5, 13, 3.0000, GA, 8.8836, inf, 0,1
5, 13, 3.0000, BB_DP, 0.0032, 1.0000, 0,1
5, 13, 3.0000, PDP, 132.0636, 1.0000, 0,1
5, 13, 3.0000, TABU, 3.4133, 1.0000, 0,1
5, 13, 3.0000, GA, 7.6722, inf, 0,1
5, 13, 3.0000, BB_DP, 12.5755, 1.0000, 83323,1
5, 13, 3.0000, PDP, 132.0941, 1.0000, 0,1
5, 13, 3.0000, TABU, 3.7241, 1.3333, 0,1
5, 13, 3.0000, GA, 7.6101, 1.6667, 0,1
5, 13, 3.0000, BB_DP, 12.2345, 1.0000, 81282,1
5, 13, 3.0000, PDP, 132.8273, 1.0000, 0,1
5, 13, 3.0000, TABU, 3.7275, 1.0000, 0,1
5, 13, 3.0000, GA, 8.1314, inf, 0,1
5, 13, 3.0000, BB_DP, 23.9485, 1.0000, 300244,1
5, 13, 3.0000, PDP, 133.9415, 1.0000, 0,1
5, 13, 3.0000, TABU, 2.1826, inf, 0,1
5, 13, 3.0000, GA, 8.3144, inf, 0,1
5, 13, 3.0000, BB_DP, 42.9833, 1.0000, 618380,1
5, 13, 3.0000, PDP, 132.8786, 1.0000, 0,1
5, 13, 3.0000, TABU, 3.5943, inf, 0,1
5, 13, 3.0000, GA, 8.3963, inf, 0,1
5, 13, 5.0000, BB_DP, 48.5929, 1.0000, 719880,1
5, 13, 5.0000, PDP, 132.8583, 1.0000, 0,1
5, 13, 5.0000, TABU, 2.4142, 5.0000, 0,1
5, 13, 5.0000, GA, 8.4565, 5.0000, 0,1
5, 13, 5.0000, BB_DP, 29.6897, 1.0000, 344943,1
5, 13, 5.0000, PDP, 132.4817, 1.0000, 0,1
5, 13, 5.0000, TABU, 2.5922, 5.0000, 0,1
5, 13, 5.0000, GA, 7.7502, 5.0000, 0,1
5, 13, 5.0000, BB_DP, 27.9413, 1.0000, 295499,1
5, 13, 5.0000, PDP, 132.4226, 1.0000, 0,1
5, 13, 5.0000, TABU, 3.3085, 1.0000, 0,1
5, 13, 5.0000, GA, 9.3715, 2.5000, 0,1
5, 13, 5.0000, BB_DP, 4.7468, 1.0000, 48980,1
5, 13, 5.0000, PDP, 132.5734, 1.0000, 0,1
5, 13, 5.0000, TABU, 3.8487, 1.0000, 0,1
5, 13, 5.0000, GA, 7.8861, 3.0000, 0,1
5, 13, 5.0000, BB_DP, 10.1651, 1.0000, 119931,1
5, 13, 5.0000, PDP, 134.8928, 1.0000, 0,1
5, 13, 5.0000, TABU, 3.8021, 1.0000, 0,1
5, 13, 5.0000, GA, 7.9189, 1.0000, 0,1
5, 13, 5.0000, BB_DP, 200.7135, 1.0000, 3770137,1
5, 13, 5.0000, PDP, 133.6204, 1.0000, 0,1
5, 13, 5.0000, TABU, 3.1773, 2.0000, 0,1
5, 13, 5.0000, GA, 7.8062, 2.5000, 0,1
5, 13, 5.0000, BB_DP, 30.2492, 1.0000, 332733,1
5, 13, 5.0000, PDP, 133.4450, 1.0000, 0,1
5, 13, 5.0000, TABU, 3.3523, inf, 0,1
5, 13, 5.0000, GA, 7.6670, inf, 0,1
5, 13, 5.0000, BB_DP, 6.1610, 1.0000, 62422,1
5, 13, 5.0000, PDP, 132.9228, 1.0000, 0,1
5, 13, 5.0000, TABU, 3.6474, 1.0000, 0,1
5, 13, 5.0000, GA, 10.8653, 1.0000, 0,1
5, 13, 5.0000, BB_DP, 10.5951, 1.0000, 70409,1
5, 13, 5.0000, PDP, 132.8048, 1.0000, 0,1
5, 13, 5.0000, TABU, 2.4890, inf, 0,1
5, 13, 5.0000, GA, 7.8758, inf, 0,1
5, 13, 5.0000, BB_DP, 6.9658, 1.0000, 91925,1
5, 13, 5.0000, PDP, 132.5106, 1.0000, 0,1
5, 13, 5.0000, TABU, 3.3016, inf, 0,1
5, 13, 5.0000, GA, 8.1028, inf, 0,1
5, 13, 5.0000, BB_DP, 0.0029, 1.0000, 0,1
5, 13, 5.0000, PDP, 132.6318, 1.0000, 0,1
5, 13, 5.0000, TABU, 3.6757, 1.0000, 0,1
5, 13, 5.0000, GA, 8.7079, inf, 0,1
5, 13, 5.0000, BB_DP, 11.1118, 1.0000, 133018,1
5, 13, 5.0000, PDP, 131.5519, 1.0000, 0,1
5, 13, 5.0000, TABU, 2.9732, 2.0000, 0,1
5, 13, 5.0000, GA, 8.3514, 3.0000, 0,1
5, 13, 5.0000, BB_DP, 0.0033, 1.0000, 0,1
5, 13, 5.0000, PDP, 132.6789, 1.0000, 0,1
5, 13, 5.0000, TABU, 3.7489, 1.0000, 0,1
5, 13, 5.0000, GA, 8.2989, inf, 0,1
5, 13, 5.0000, BB_DP, 16.1837, 1.0000, 178678,1
5, 13, 5.0000, PDP, 135.2034, 1.0000, 0,1
5, 13, 5.0000, TABU, 3.3934, 1.3333, 0,1
5, 13, 5.0000, GA, 8.5657, 2.6667, 0,1
5, 13, 5.0000, BB_DP, 11.9891, 1.0000, 175503,1
5, 13, 5.0000, PDP, 135.1281, 1.0000, 0,1
5, 13, 5.0000, TABU, 2.3365, 1.1429, 0,1
5, 13, 5.0000, GA, 8.7859, 1.1429, 0,1
5, 13, 5.0000, BB_DP, 0.0022, 1.0000, 0,1
5, 13, 5.0000, PDP, 132.8455, 1.0000, 0,1
5, 13, 5.0000, TABU, 2.6343, 1.0000, 0,1
5, 13, 5.0000, GA, 7.4695, 1.0000, 0,1
5, 13, 5.0000, BB_DP, 10.0877, 1.0000, 96214,1
5, 13, 5.0000, PDP, 132.0390, 1.0000, 0,1
5, 13, 5.0000, TABU, 2.7775, 2.0000, 0,1
5, 13, 5.0000, GA, 8.1612, 2.0000, 0,1
5, 13, 5.0000, BB_DP, 206.4090, 1.0000, 3155949,1
5, 13, 5.0000, PDP, 132.7141, 1.0000, 0,1
5, 13, 5.0000, TABU, 3.7646, 2.5000, 0,1
5, 13, 5.0000, GA, 8.4522, 5.5000, 0,1
5, 13, 5.0000, BB_DP, 0.0024, 1.0000, 0,1
5, 13, 5.0000, PDP, 132.4158, 1.0000, 0,1
5, 13, 5.0000, TABU, 3.7478, 1.0000, 0,1
5, 13, 5.0000, GA, 7.9977, 1.0000, 0,1
5, 13, 5.0000, BB_DP, 9.6163, 1.0000, 98370,1
5, 13, 5.0000, PDP, 132.8920, 1.0000, 0,1
5, 13, 5.0000, TABU, 3.6152, 6.0000, 0,1
5, 13, 5.0000, GA, 15.2174, 3.0000, 0,1
5, 13, 7.0000, BB_DP, 195.5665, 1.0000, 2726783,1
5, 13, 7.0000, PDP, 131.8733, 1.0000, 0,1
5, 13, 7.0000, TABU, 2.2981, 2.0000, 0,1
5, 13, 7.0000, GA, 7.9754, 2.0000, 0,1
5, 13, 7.0000, BB_DP, 1.9468, 1.0000, 34246,1
5, 13, 7.0000, PDP, 133.8297, 1.0000, 0,1
5, 13, 7.0000, TABU, 3.4479, inf, 0,1
5, 13, 7.0000, GA, 7.6189, inf, 0,1
5, 13, 7.0000, BB_DP, 2.6677, 1.0000, 17808,1
5, 13, 7.0000, PDP, 132.3590, 1.0000, 0,1
5, 13, 7.0000, TABU, 4.0439, 1.0000, 0,1
5, 13, 7.0000, GA, 7.9804, 2.0000, 0,1
5, 13, 7.0000, BB_DP, 12.1448, 1.0000, 96762,1
5, 13, 7.0000, PDP, 132.4541, 1.0000, 0,1
5, 13, 7.0000, TABU, 2.3216, 2.0000, 0,1
5, 13, 7.0000, GA, 8.0270, 2.0000, 0,1
5, 13, 7.0000, BB_DP, 8.2006, 1.0000, 124067,1
5, 13, 7.0000, PDP, 132.6985, 1.0000, 0,1
5, 13, 7.0000, TABU, 2.5124, 1.0000, 0,1
5, 13, 7.0000, GA, 8.2347, 1.0000, 0,1
5, 13, 7.0000, BB_DP, 1.7777, 1.0000, 16288,1
5, 13, 7.0000, PDP, 132.2550, 1.0000, 0,1
5, 13, 7.0000, TABU, 2.2652, inf, 0,1
5, 13, 7.0000, GA, 7.8969, inf, 0,1
5, 13, 7.0000, BB_DP, 7.0029, 1.0000, 60834,1
5, 13, 7.0000, PDP, 134.3490, 1.0000, 0,1
5, 13, 7.0000, TABU, 2.4294, 2.0000, 0,1
5, 13, 7.0000, GA, 7.5964, 2.0000, 0,1
5, 13, 7.0000, PDP, 132.1123, 1.0000, 0,1
5, 13, 7.0000, TABU, 3.3834, 1.1250, 0,1
5, 13, 7.0000, GA, 8.6586, 1.0000, 0,1
5, 13, 7.0000, BB_DP, 10.0772, 1.0000, 144498,1
5, 13, 7.0000, PDP, 132.4715, 1.0000, 0,1
5, 13, 7.0000, TABU, 3.3941, 5.0000, 0,1
5, 13, 7.0000, GA, 8.3872, 8.0000, 0,1
5, 13, 7.0000, BB_DP, 102.4430, 1.0000, 1617725,1
5, 13, 7.0000, PDP, 144.1295, 1.0000, 0,1
5, 13, 7.0000, TABU, 3.5614, 2.6667, 0,1
5, 13, 7.0000, GA, 9.0191, 1.6667, 0,1
5, 13, 7.0000, BB_DP, 26.3094, 1.0000, 404702,1
5, 13, 7.0000, PDP, 130.1744, 1.0000, 0,1
5, 13, 7.0000, TABU, 3.3181, inf, 0,1
5, 13, 7.0000, GA, 7.9806, inf, 0,1
5, 13, 7.0000, BB_DP, 3.0742, 1.0000, 33187,1
5, 13, 7.0000, PDP, 128.4085, 1.0000, 0,1
5, 13, 7.0000, TABU, 5.6629, 1.0000, 0,1
5, 13, 7.0000, GA, 8.8815, inf, 0,1
5, 13, 7.0000, BB_DP, 189.5272, 1.0000, 4124657,1
5, 13, 7.0000, PDP, 132.2262, 1.0000, 0,1
5, 13, 7.0000, TABU, 2.2833, 2.6667, 0,1
5, 13, 7.0000, GA, 9.5005, 2.6667, 0,1
5, 13, 7.0000, BB_DP, 7.4930, 1.0000, 112902,1
5, 13, 7.0000, PDP, 159.2462, 1.0000, 0,1
5, 13, 7.0000, TABU, 3.0474, 1.0000, 0,1
5, 13, 7.0000, GA, 9.8527, inf, 0,1
5, 13, 7.0000, BB_DP, 17.5253, 1.0000, 277828,1
5, 13, 7.0000, PDP, 132.1083, 1.0000, 0,1
5, 13, 7.0000, TABU, 3.3684, 2.0000, 0,1
5, 13, 7.0000, GA, 7.5511, 2.0000, 0,1
5, 13, 7.0000, BB_DP, 19.5864, 1.0000, 206201,1
5, 13, 7.0000, PDP, 132.6377, 1.0000, 0,1
5, 13, 7.0000, TABU, 3.7061, 2.0000, 0,1
5, 13, 7.0000, GA, 7.6166, 2.0000, 0,1
5, 13, 7.0000, BB_DP, 0.0036, 1.0000, 0,1
5, 13, 7.0000, PDP, 132.0458, 1.0000, 0,1
5, 13, 7.0000, TABU, 3.3642, inf, 0,1
5, 13, 7.0000, GA, 7.7911, inf, 0,1
5, 13, 7.0000, BB_DP, 26.0769, 1.0000, 547578,1
5, 13, 7.0000, PDP, 131.6484, 1.0000, 0,1
5, 13, 7.0000, TABU, 2.6348, inf, 0,1
5, 13, 7.0000, GA, 7.5556, inf, 0,1
5, 13, 7.0000, BB_DP, 240.6671, 1.0000, 4423145,1
5, 13, 7.0000, PDP, 134.7524, 1.0000, 0,1
5, 13, 7.0000, TABU, 2.9876, 2.2500, 0,1
5, 13, 7.0000, GA, 12.9481, 2.2500, 0,1
5, 13, 7.0000, BB_DP, 8.8986, 1.0000, 128157,1
5, 13, 7.0000, PDP, 132.3997, 1.0000, 0,1
5, 13, 7.0000, TABU, 2.8928, 1.0000, 0,1
5, 13, 7.0000, GA, 7.5537, 1.5000, 0,1
